DecOffset,HexOffset,Old,New
1,0x0001,52,EB
4,0x0004,02,03
5,0x0005,72,0B
83,0x0053,0A,09
84,0x0054,09,0A
91,0x005B,0A,09
92,0x005C,09,0A
99,0x0063,0B,09
100,0x0064,09,0A
103,0x0067,06,05
104,0x0068,07,06
107,0x006B,0C,09
108,0x006C,0B,0A
111,0x006F,07,05
112,0x0070,08,06
115,0x0073,0A,09
116,0x0074,09,0A
123,0x007B,0A,09
124,0x007C,09,0A
131,0x0083,0A,09
132,0x0084,09,0A
139,0x008B,0A,09
140,0x008C,09,0A
491,0x01EB,22,00
492,0x01EC,23,12
493,0x01ED,33,54
494,0x01EE,30,6F
495,0x01EF,22,6D
496,0x01F0,00,6D
497,0x01F1,14,79
498,0x01F2,52,20
499,0x01F3,6F,53
500,0x01F4,62,6F
501,0x01F5,65,64
502,0x01F6,72,65
503,0x01F7,74,72
504,0x01F8,20,73
505,0x01F9,50,74
506,0x01FA,65,72
507,0x01FB,74,6F
508,0x01FC,72,6D
509,0x01FD,6F,30
510,0x01FE,76,35
511,0x01FF,69,45
512,0x0200,63,65
513,0x0201,6B,00
514,0x0202,79,00
515,0x0203,00,34
516,0x0204,39,34
517,0x0205,54,00
518,0x0206,32,0C
519,0x0207,23,4A
520,0x0208,22,65
521,0x0209,31,66
522,0x020A,34,66
523,0x020B,33,20
524,0x020C,00,52
525,0x020D,0E,65
526,0x020E,4C,65
527,0x020F,61,73
528,0x0210,72,65
529,0x0211,72,35
530,0x0212,79,43
531,0x0213,20,34
532,0x0214,4D,53
533,0x0215,75,00
534,0x0216,72,00
535,0x0217,70,22
536,0x0218,68,33
537,0x0219,79,00
538,0x021A,55,0E
539,0x021B,A4,4D
540,0x021C,34,69
541,0x021D,54,6B
542,0x021E,33,65
543,0x021F,42,20
544,0x0220,51,4D
545,0x0221,43,6F
546,0x0222,00,64
547,0x0223,12,61
548,0x0224,4A,6E
549,0x0225,2E,6F
550,0x0226,4A,00
551,0x0227,2E,09
552,0x0228,20,75
553,0x0229,44,54
554,0x022A,61,45
555,0x022B,69,24
556,0x022C,67,52
557,0x022D,6E,52
558,0x022E,65,43
559,0x022F,61,00
560,0x0230,75,0E
561,0x0231,6C,47
562,0x0232,74,61
563,0x0233,00,72
564,0x0234,48,79
565,0x0235,64,20
566,0x0236,32,52
567,0x0237,44,6F
568,0x0238,34,62
569,0x0239,32,65
570,0x023A,44,72
571,0x023B,22,74
572,0x023C,00,73
573,0x023D,12,10
574,0x023E,46,74
575,0x023F,72,45
576,0x0240,65,44
577,0x0241,64,48
578,0x0242,72,45
579,0x0243,69,51
580,0x0244,6B,34
581,0x0245,20,00
582,0x0246,4F,0E
583,0x0247,6C,44
585,0x0249,75,76
586,0x024A,73,65
587,0x024B,73,20
588,0x024C,6F,47
589,0x024D,6E,61
590,0x024E,04,67
591,0x024F,94,6E
592,0x0250,34,65
593,0x0251,34,72
594,0x0252,11,00
595,0x0253,42,15
596,0x0254,31,64
597,0x0255,41,44
598,0x0256,00,43
599,0x0257,12,24
600,0x0258,53,44
601,0x0259,63,42
602,0x025A,6F,44
603,0x025B,74,00
604,0x025C,74,0E
605,0x025D,20,54
606,0x025E,4E,6F
607,0x025F,69,6E
608,0x0260,65,79
609,0x0261,64,20
610,0x0262,72,41
612,0x0264,61,6F
613,0x0265,79,6E
614,0x0266,65,74
615,0x0267,72,65
616,0x0268,27,00
617,0x0269,93,33
618,0x026A,33,64
619,0x026B,33,44
620,0x026C,34,33
621,0x026D,32,13
622,0x026E,31,33
623,0x026F,32,43
624,0x0270,00,32
625,0x0271,02,00
626,0x0272,00,10
627,0x0273,08,4D
628,0x0274,42,61
629,0x0275,6F,72
630,0x0276,73,74
631,0x0277,74,79
632,0x0278,6F,20
633,0x0279,6E,4D
634,0x027A,00,63
635,0x027B,04,49
636,0x027C,4C,6E
637,0x027D,41,6E
638,0x027E,00,69
639,0x027F,08,73
640,0x0280,42,00
641,0x0281,72,18
642,0x0282,75,43
643,0x0283,69,33
644,0x0284,6E,22
645,0x0285,73,23
646,0x0286,00,33
647,0x0287,0C,30
648,0x0288,54,22
649,0x0289,44,00
650,0x028A,20,14
651,0x028B,47,52
652,0x028C,61,6F
653,0x028D,72,62
654,0x028E,64,65
655,0x028F,65,72
656,0x0290,6E,74
657,0x0291,00,20
658,0x0292,01,50
659,0x0293,46,65
660,0x0294,00,74
661,0x0295,0C,72
662,0x0296,02,6F
663,0x0297,5A,76
664,0x0298,00,69
665,0x0299,52,63
666,0x029A,00,6B
667,0x029B,4C,79
669,0x029D,50,39
670,0x029E,0E,54
671,0x029F,EA,32
672,0x02A0,0C,23
673,0x02A1,CC,22
674,0x02A2,00,31
675,0x02A3,00,34
676,0x02A4,00,33
678,0x02A6,00,0E
679,0x02A7,00,4C
680,0x02A8,02,61
681,0x02A9,02,72
682,0x02AA,08,72
683,0x02AB,8C,79
684,0x02AC,06,20
685,0x02AD,6A,4D
686,0x02AE,00,75
687,0x02AF,06,72
688,0x02B0,00,70
689,0x02B1,2C,68
690,0x02B2,00,79
691,0x02B3,00,55
692,0x02B4,0C,A4
693,0x02B5,CC,34
694,0x02B6,0E,54
695,0x02B7,EE,33
696,0x02B8,0A,42
697,0x02B9,AA,51
698,0x02BA,04,43
699,0x02BB,8C,00
700,0x02BC,0A,12
701,0x02BD,A6,4A
702,0x02BE,0E,2E
703,0x02BF,EA,4A
704,0x02C0,0C,2E
705,0x02C1,CC,20
706,0x02C2,00,44
707,0x02C3,00,61
708,0x02C4,00,69
709,0x02C5,00,67
710,0x02C6,00,6E
711,0x02C7,00,65
712,0x02C8,02,61
713,0x02C9,02,75
714,0x02CA,08,6C
715,0x02CB,8C,74
716,0x02CC,06,00
717,0x02CD,6A,48
718,0x02CE,00,64
719,0x02CF,00,32
720,0x02D0,04,44
721,0x02D1,44,34
722,0x02D2,02,32
723,0x02D3,0A,44
724,0x02D4,02,22
726,0x02D6,02,12
727,0x02D7,02,46
728,0x02D8,00,72
729,0x02D9,00,65
730,0x02DA,04,64
731,0x02DB,8C,72
732,0x02DC,0A,69
733,0x02DD,A6,6B
734,0x02DE,43,20
735,0x02DF,00,4F
736,0x02E0,10,6C
737,0x02E1,64,61
738,0x02E2,11,75
739,0x02E3,00,73
740,0x02E4,01,73
741,0x02E5,0A,6F
742,0x02E6,09,6E
743,0x02E7,03,04
744,0x02E8,04,94
745,0x02E9,05,34
746,0x02EA,06,34
747,0x02EB,00,11
748,0x02EC,01,42
749,0x02ED,0A,31
750,0x02EE,09,41
751,0x02EF,03,00
752,0x02F0,04,12
753,0x02F1,05,53
754,0x02F2,06,63
755,0x02F3,00,6F
756,0x02F4,01,74
757,0x02F5,0C,74
758,0x02F6,09,20
759,0x02F7,03,4E
760,0x02F8,04,69
761,0x02F9,06,65
762,0x02FA,07,64
763,0x02FB,00,72
764,0x02FC,01,6D
765,0x02FD,0B,61
766,0x02FE,0C,79
767,0x02FF,03,65
768,0x0300,04,72
769,0x0301,07,27
770,0x0302,08,93
771,0x0303,00,33
772,0x0304,01,33
773,0x0305,0A,34
774,0x0306,09,32
775,0x0307,03,31
776,0x0308,04,32
777,0x0309,05,00
778,0x030A,06,02
780,0x030C,01,08
781,0x030D,0A,42
782,0x030E,09,6F
783,0x030F,03,73
784,0x0310,04,74
785,0x0311,05,6F
786,0x0312,06,6E
788,0x0314,01,04
789,0x0315,0A,4C
790,0x0316,09,41
791,0x0317,03,00
792,0x0318,04,08
793,0x0319,05,42
794,0x031A,06,72
795,0x031B,00,75
796,0x031C,01,69
797,0x031D,0A,6E
798,0x031E,09,73
799,0x031F,03,00
800,0x0320,04,0C
801,0x0321,05,54
802,0x0322,06,44
803,0x0323,00,20
1315,0x0523,4C,0E
1316,0x0524,00,44
1317,0x0525,50,6F
1318,0x0526,0E,6E
1319,0x0527,E8,20
1320,0x0528,02,42
1321,0x0529,22,65
1322,0x052A,00,61
1323,0x052B,00,75
1324,0x052C,00,70
1325,0x052D,00,72
1326,0x052E,00,65
1328,0x0530,02,35
1329,0x0531,22,44
1330,0x0532,08,43
1331,0x0533,8C,44
1332,0x0534,06,00
1333,0x0535,6A,00
1334,0x0536,08,33
1335,0x0537,0E,33
1336,0x0538,08,00
1337,0x0539,0E,0C
1338,0x053A,08,47
1339,0x053B,4E,75
1340,0x053C,0C,79
1341,0x053D,CC,20
1342,0x053E,0E,48
1343,0x053F,EE,65
1344,0x0540,0A,62
1345,0x0541,AA,65
1346,0x0542,04,72
1347,0x0543,8C,74
1348,0x0544,0A,29
1349,0x0545,84,63
1350,0x0546,0E,33
1351,0x0547,E8,43
1352,0x0548,02,00
1353,0x0549,22,00
1354,0x054A,00,22
1355,0x054B,00,22
1357,0x054D,00,10
1358,0x054E,00,54
1359,0x054F,00,68
1360,0x0550,02,65
1361,0x0551,22,6F
1362,0x0552,08,72
1363,0x0553,8C,65
1364,0x0554,06,6E
1365,0x0555,6A,20
1366,0x0556,08,46
1367,0x0557,0E,6C
1368,0x0558,08,65
1369,0x0559,0E,75
1370,0x055A,08,72
1371,0x055B,4E,79
1372,0x055C,00,14
1373,0x055D,00,35
1374,0x055E,02,54
1375,0x055F,22,54
1376,0x0560,00,47
1377,0x0561,00,43
1378,0x0562,04,61
1379,0x0563,8C,33
1380,0x0564,0A,00
1381,0x0565,84,0E
1382,0x0566,43,42
1383,0x0567,00,65
1384,0x0568,10,6E
1385,0x0569,64,6F
1386,0x056A,11,69
1387,0x056B,00,74
1388,0x056C,01,20
1389,0x056D,0A,48
1390,0x056E,09,6F
1391,0x056F,04,67
1392,0x0570,03,75
1393,0x0571,05,65
1394,0x0572,08,33
1395,0x0573,00,74
1396,0x0574,01,54
1397,0x0575,0A,33
1398,0x0576,09,24
1399,0x0577,04,45
1400,0x0578,03,41
1401,0x0579,05,43
1402,0x057A,08,00
1403,0x057B,00,10
1404,0x057C,01,44
1405,0x057D,0B,61
1406,0x057E,09,6C
1407,0x057F,04,65
1408,0x0580,03,20
1409,0x0581,08,48
1410,0x0582,07,61
1411,0x0583,00,77
1412,0x0584,01,65
1413,0x0585,0C,72
1414,0x0586,0B,63
1415,0x0587,04,68
1416,0x0588,03,75
1417,0x0589,07,6B
1418,0x058A,06,10
1419,0x058B,00,65
1420,0x058C,01,44
1421,0x058D,0A,43
1422,0x058E,09,20
1423,0x058F,04,51
1424,0x0590,03,30
1425,0x0591,05,52
1426,0x0592,08,00
1427,0x0593,00,0C
1428,0x0594,01,4A
1429,0x0595,0A,61
1430,0x0596,09,72
1431,0x0597,04,69
1432,0x0598,03,20
1433,0x0599,05,4B
1434,0x059A,08,75
1435,0x059B,00,72
1436,0x059C,01,72
1437,0x059D,0A,69
1438,0x059E,09,17
1439,0x059F,04,84
1440,0x05A0,03,34
1441,0x05A1,05,44
1442,0x05A2,08,21
1443,0x05A3,00,43
1444,0x05A4,01,41
1445,0x05A5,0A,32
1446,0x05A6,09,00
1447,0x05A7,04,0C
1448,0x05A8,03,4D
1449,0x05A9,05,69
1450,0x05AA,08,6B
1451,0x05AB,00,65
1650,0x0672,00,02
1651,0x0673,10,22
1652,0x0674,54,00
1653,0x0675,69,00
1654,0x0676,6D,00
1655,0x0677,20,00
1656,0x0678,43,00
1657,0x0679,68,00
1658,0x067A,65,02
1659,0x067B,76,22
1660,0x067C,65,08
1661,0x067D,6C,8C
1662,0x067E,64,06
1663,0x067F,61,6A
1664,0x0680,65,08
1665,0x0681,00,0E
1666,0x0682,32,08
1667,0x0683,65,0E
1668,0x0684,44,08
1669,0x0685,55,4E
1670,0x0686,00,0C
1671,0x0687,00,CC
1672,0x0688,43,0E
1673,0x0689,44,EE
1674,0x068A,00,0A
1675,0x068B,10,AA
1676,0x068C,41,04
1677,0x068D,6E,8C
1678,0x068E,64,0A
1679,0x068F,72,84
1680,0x0690,65,0E
1681,0x0691,20,E8
1682,0x0692,52,02
1683,0x0693,61,22
1684,0x0694,63,00
1685,0x0695,69,00
1686,0x0696,63,00
1687,0x0697,6F,00
1688,0x0698,74,00
1690,0x069A,37,02
1691,0x069B,43,22
1692,0x069C,33,08
1693,0x069D,44,8C
1694,0x069E,00,06
1695,0x069F,00,6A
1696,0x06A0,22,08
1697,0x06A1,22,0E
1698,0x06A2,00,08
1699,0x06A3,10,0E
1700,0x06A4,54,08
1701,0x06A5,65,4E
1702,0x06A6,65,00
1703,0x06A7,6D,00
1704,0x06A8,75,02
1705,0x06A9,20,22
1706,0x06AA,53,00
1707,0x06AB,65,00
1708,0x06AC,6C,04
1709,0x06AD,61,8C
1710,0x06AE,6E,0A
1711,0x06AF,6E,84
1712,0x06B0,65,43
1714,0x06B2,13,10
1715,0x06B3,65,64
1716,0x06B4,65,11
1717,0x06B5,34,00
1718,0x06B6,33,01
1719,0x06B7,45,09
1720,0x06B8,54,0A
1721,0x06B9,42,03
1722,0x06BA,00,04
1723,0x06BB,0E,05
1724,0x06BC,45,06
1725,0x06BD,73,00
1726,0x06BE,61,01
1727,0x06BF,20,09
1728,0x06C0,54,0A
1729,0x06C1,69,03
1730,0x06C2,6B,04
1731,0x06C3,6B,05
1732,0x06C4,61,06
1733,0x06C5,6E,00
1734,0x06C6,65,01
1735,0x06C7,6E,09
1736,0x06C8,10,0A
1737,0x06C9,95,03
1738,0x06CA,53,04
1739,0x06CB,44,05
1740,0x06CC,54,06
1741,0x06CD,42,00
1742,0x06CE,44,01
1743,0x06CF,43,09
1744,0x06D0,00,0A
1745,0x06D1,14,03
1746,0x06D2,44,04
1747,0x06D3,6D,05
1748,0x06D4,69,06
1749,0x06D5,74,00
1750,0x06D6,72,01
1751,0x06D7,69,09
1752,0x06D8,20,0A
1753,0x06D9,4B,03
1754,0x06DA,76,04
1755,0x06DB,61,05
1756,0x06DC,72,06
1757,0x06DD,74,00
1758,0x06DE,61,01
1759,0x06DF,6C,09
1760,0x06E0,6E,0A
1761,0x06E1,6F,03
1762,0x06E2,76,04
1763,0x06E3,00,05
1764,0x06E4,08,06
1765,0x06E5,64,00
1766,0x06E6,44,01
1767,0x06E7,23,09
1768,0x06E8,20,0A
1769,0x06E9,43,03
1770,0x06EA,42,04
1771,0x06EB,41,05
1772,0x06EC,00,06
1773,0x06ED,10,00
1774,0x06EE,43,01
1775,0x06EF,72,09
1776,0x06F0,61,0A
1777,0x06F1,69,03
1778,0x06F2,67,04
1779,0x06F3,20,05
1780,0x06F4,53,06
1781,0x06F5,69,00
2282,0x08EA,00,12
2283,0x08EB,0E,4D
2284,0x08EC,4B,69
2285,0x08ED,69,6B
2286,0x08EE,72,61
2287,0x08EF,6B,65
2288,0x08F0,20,6C
2289,0x08F1,4D,20
2290,0x08F2,63,4E
2291,0x08F3,4C,79
2292,0x08F4,65,6C
2295,0x08F7,00,64
2296,0x08F8,01,65
2297,0x08F9,85,72
2298,0x08FA,44,00
2299,0x08FB,55,36
2300,0x08FC,00,54
2301,0x08FD,00,33
2302,0x08FE,44,23
2303,0x08FF,33,22
2304,0x0900,00,32
2305,0x0901,10,31
2306,0x0902,52,32
2307,0x0903,69,00
2308,0x0904,63,0C
2309,0x0905,6B,45
2310,0x0906,20,64
2311,0x0907,54,20
2312,0x0908,61,4F
2313,0x0909,62,6C
2314,0x090A,61,63
2315,0x090B,72,7A
2316,0x090C,61,79
2317,0x090D,63,6B
2318,0x090E,63,00
2319,0x090F,69,12
2320,0x0910,31,94
2321,0x0911,63,33
2322,0x0912,31,34
2323,0x0913,23,24
2324,0x0914,00,43
2325,0x0915,00,34
2326,0x0916,33,42
2327,0x0917,22,00
2328,0x0918,00,0C
2329,0x0919,0E,47
2330,0x091A,44,61
2331,0x091B,65,72
2332,0x091C,6E,79
2333,0x091D,69,20
2334,0x091E,73,53
2335,0x091F,20,75
2336,0x0920,53,74
2337,0x0921,61,65
2338,0x0922,76,72
2339,0x0923,61,20
2340,0x0924,72,75
2341,0x0925,64,44
2342,0x0926,18,54
2343,0x0927,55,46
2344,0x0928,44,42
2345,0x0929,33,52
2346,0x092A,23,43
2347,0x092B,53,00
2348,0x092C,30,0E
2349,0x092D,43,4A
2350,0x092E,00,79
2351,0x092F,0E,72
2352,0x0930,54,6B
2353,0x0931,68,69
2354,0x0932,6F,20
2355,0x0933,6D,4C
2356,0x0934,61,75
2357,0x0935,73,6D
2358,0x0936,20,6D
2359,0x0937,53,65
2360,0x0938,74,00
2361,0x0939,65,21
2362,0x093A,65,74
2363,0x093B,6E,33
2364,0x093C,25,42
2365,0x093D,84,34
2366,0x093E,34,41
2367,0x093F,33,41
2368,0x0940,34,42
2369,0x0941,44,00
2370,0x0942,40,0E
2371,0x0943,53,59
2372,0x0944,00,76
2373,0x0945,0C,65
2374,0x0946,4F,73
2375,0x0947,77,20
2376,0x0948,65,52
2377,0x0949,6E,61
2378,0x094A,20,63
2379,0x094B,4E,69
2380,0x094C,6F,6E
2381,0x094D,6C,65
2382,0x094E,61,00
2383,0x094F,6E,33
2384,0x0950,11,63
2385,0x0951,84,33
2388,0x0954,17,31
2389,0x0955,44,42
2390,0x0956,43,33
2391,0x0957,34,00
2392,0x0958,00,0E
2393,0x0959,0C,4A
2394,0x095A,4B,69
2395,0x095B,65,6D
2396,0x095C,76,20
2397,0x095D,69,4A
2398,0x095E,6E,6F
2399,0x095F,20,68
2400,0x0960,54,6E
2401,0x0961,6F,73
2402,0x0962,64,6F
2403,0x0963,64,6E
2404,0x0964,15,00
2405,0x0965,53,06
2406,0x0966,43,72
2407,0x0967,33,32
2408,0x0968,36,42
2409,0x0969,32,36
2410,0x096A,33,31
2411,0x096B,32,41
2412,0x096C,00,43
2413,0x096D,12,00
2414,0x096E,44,02
2415,0x096F,61,00
2416,0x0970,72,0A
2417,0x0971,72,43
2418,0x0972,65,61
2419,0x0973,6E,6C
2420,0x0974,20,67
2421,0x0975,54,61
2422,0x0976,75,72
2423,0x0977,72,79
2424,0x0978,63,00
2425,0x0979,6F,00
2426,0x097A,74,06
2427,0x097B,74,43
2428,0x097C,65,47
2429,0x097D,00,59
2430,0x097E,08,00
2431,0x097F,64,00
2432,0x0980,44,08
2433,0x0981,33,48
2434,0x0982,24,69
2435,0x0983,43,74
2436,0x0984,44,6D
2437,0x0985,32,65
2438,0x0986,00,6E
2439,0x0987,0E,00
2440,0x0988,4B,18
2441,0x0989,65,53
2442,0x098A,6C,63
2443,0x098B,6C,6F
2444,0x098C,79,74
2445,0x098D,20,69
2446,0x098E,4D,61
2447,0x098F,69,62
2448,0x0990,6C,61
2449,0x0991,6C,6E
2450,0x0992,65,6B
2451,0x0993,72,20
2452,0x0994,10,53
2453,0x0995,84,61
2454,0x0996,43,64
2455,0x0997,33,64
2456,0x0998,20,6C
2457,0x0999,43,65
2458,0x099A,32,64
2459,0x099B,41,6F
2460,0x099C,00,6D
2461,0x099D,0E,65
2462,0x099E,52,00
2463,0x099F,61,01
2464,0x09A0,79,F7
2465,0x09A1,20,00
2466,0x09A2,42,0C
2467,0x09A3,6F,03
2468,0x09A4,75,0B
2469,0x09A5,72,00
2470,0x09A6,71,52
2471,0x09A7,75,00
2472,0x09A8,65,4C
2474,0x09AA,77,50
2475,0x09AB,A5,0E
2476,0x09AC,44,EA
2477,0x09AD,65,0C
2478,0x09AE,60,CC
2479,0x09AF,55,00
2480,0x09B0,62,00
2481,0x09B1,52,06
2482,0x09B2,00,60
2483,0x09B3,10,06
2484,0x09B4,41,80
2485,0x09B5,6C,06
2486,0x09B6,65,A2
2487,0x09B7,78,08
2488,0x09B8,65,8C
2489,0x09B9,69,06
2490,0x09BA,20,6A
2491,0x09BB,5A,06
2492,0x09BC,68,80
2493,0x09BD,69,06
2494,0x09BE,74,A2
2495,0x09BF,6E,00
2496,0x09C0,69,AE
2497,0x09C1,6B,0C
2498,0x09C2,02,CC
2499,0x09C3,54,0E
2500,0x09C4,43,EE
2501,0x09C5,43,0A
2502,0x09C6,34,AA
2503,0x09C7,32,04
2504,0x09C8,41,8C
2505,0x09C9,33,0A
2506,0x09CA,00,A6
2507,0x09CB,14,0E
2508,0x09CC,52,EA
2509,0x09CD,69,0C
2510,0x09CE,63,CC
2511,0x09CF,68,00
2512,0x09D0,61,00
2513,0x09D1,72,06
2514,0x09D2,64,60
2515,0x09D3,20,06
2516,0x09D4,4D,80
2517,0x09D5,61,06
2518,0x09D6,74,A2
2519,0x09D7,76,08
2520,0x09D8,69,8C
2521,0x09D9,63,06
2522,0x09DA,68,6A
2523,0x09DB,75,00
2524,0x09DC,6B,AA
2525,0x09DD,00,0E
2526,0x09DE,04,EE
2527,0x09DF,72,00
2528,0x09E0,31,AE
2529,0x09E1,33,06
2530,0x09E2,36,80
2531,0x09E3,30,06
2532,0x09E4,35,A2
2533,0x09E5,22,06
2534,0x09E6,00,60
2535,0x09E7,0E,04
2536,0x09E8,47,8C
2537,0x09E9,61,0A
2538,0x09EA,72,A6
2539,0x09EB,72,43
2540,0x09EC,79,00
2541,0x09ED,20,10
2542,0x09EE,47,64
2543,0x09EF,61,11
2544,0x09F0,6C,00
2545,0x09F1,6C,01
2546,0x09F2,65,09
2547,0x09F3,79,0A
2549,0x09F5,72,04
2550,0x09F6,23,05
2551,0x09F7,42,06
2552,0x09F8,36,00
2553,0x09F9,31,01
2554,0x09FA,32,09
2555,0x09FB,33,0A
2556,0x09FC,00,03
2557,0x09FD,02,04
2558,0x09FE,00,05
2559,0x09FF,0C,06
2560,0x0A00,43,00
2561,0x0A01,61,01
2562,0x0A02,6C,09
2563,0x0A03,69,0A
2564,0x0A04,66,03
2565,0x0A05,6F,04
2566,0x0A06,72,05
2567,0x0A07,6E,06
2568,0x0A08,69,00
2569,0x0A09,61,01
2570,0x0A0A,00,09
2571,0x0A0B,06,0A
2572,0x0A0C,43,03
2573,0x0A0D,47,04
2574,0x0A0E,53,05
2575,0x0A0F,00,06
2577,0x0A11,0E,01
2578,0x0A12,47,09
2579,0x0A13,6F,0A
2580,0x0A14,6C,03
2581,0x0A15,64,04
2582,0x0A16,65,05
2583,0x0A17,6E,06
2584,0x0A18,20,00
2585,0x0A19,53,01
2586,0x0A1A,65,09
2587,0x0A1B,61,0A
2588,0x0A1C,6C,03
2589,0x0A1D,73,04
2590,0x0A1E,00,05
2591,0x0A1F,28,06
2592,0x0A20,4F,00
2593,0x0A21,61,01
2594,0x0A22,6B,09
2595,0x0A23,6C,0A
2596,0x0A24,61,03
2597,0x0A25,6E,04
2598,0x0A26,64,05
2599,0x0A27,2D,06
2600,0x0A28,41,00
2601,0x0A29,6C,01
2602,0x0A2A,61,09
2603,0x0A2B,6D,0A
2604,0x0A2C,65,03
2605,0x0A2D,64,04
2606,0x0A2E,61,05
2607,0x0A2F,20,06
2608,0x0A30,43,00
2966,0x0B96,50,00
2967,0x0B97,61,0E
2968,0x0B98,74,4B
2969,0x0B99,72,69
2970,0x0B9A,69,72
2971,0x0B9B,63,6B
2972,0x0B9C,6B,20
2973,0x0B9D,20,4D
2974,0x0B9E,52,63
2975,0x0B9F,6F,4C
2976,0x0BA0,79,65
2977,0x0BA1,00,61
2978,0x0BA2,33,6E
2979,0x0BA3,66,00
2980,0x0BA4,44,01
2981,0x0BA5,46,85
2982,0x0BA6,00,44
2983,0x0BA7,00,55
2984,0x0BA8,55,00
2985,0x0BA9,66,00
2986,0x0BAA,00,44
2987,0x0BAB,0E,33
2988,0x0BAC,4B,00
2989,0x0BAD,61,10
2990,0x0BAE,79,52
2991,0x0BAF,20,69
2992,0x0BB0,57,63
2993,0x0BB1,68,6B
2994,0x0BB2,69,20
2995,0x0BB3,74,54
2996,0x0BB4,6D,61
2997,0x0BB5,6F,62
2998,0x0BB6,72,61
2999,0x0BB7,65,72
3000,0x0BB8,35,61
3001,0x0BB9,53,63
3002,0x0BBA,35,63
3003,0x0BBB,63,69
3004,0x0BBC,00,31
3005,0x0BBD,00,63
3006,0x0BBE,23,31
3009,0x0BC1,0E,00
3010,0x0BC2,4D,33
3011,0x0BC3,61,22
3012,0x0BC4,74,00
3013,0x0BC5,73,0E
3014,0x0BC6,20,44
3015,0x0BC7,53,65
3016,0x0BC8,75,6E
3017,0x0BC9,6E,69
3018,0x0BCA,64,73
3019,0x0BCB,69,20
3020,0x0BCC,6E,53
3021,0x0BCD,00,61
3022,0x0BCE,13,76
3023,0x0BCF,74,61
3024,0x0BD0,45,72
3025,0x0BD1,44,64
3026,0x0BD2,13,18
3027,0x0BD3,45,55
3028,0x0BD4,40,44
3029,0x0BD5,43,33
3030,0x0BD6,00,23
3031,0x0BD7,10,53
3032,0x0BD8,45,30
3033,0x0BD9,76,43
3034,0x0BDA,67,00
3035,0x0BDB,65,0E
3036,0x0BDC,6E,54
3037,0x0BDD,79,68
3038,0x0BDE,20,6F
3039,0x0BDF,44,6D
3041,0x0BE1,76,73
3042,0x0BE2,79,20
3043,0x0BE3,64,53
3044,0x0BE4,6F,74
3045,0x0BE5,76,65
3046,0x0BE6,11,65
3047,0x0BE7,64,6E
3048,0x0BE8,43,25
3049,0x0BE9,34,84
3050,0x0BEA,13,34
3051,0x0BEB,34,33
3052,0x0BEC,35,34
3053,0x0BED,32,44
3054,0x0BEE,00,40
3055,0x0BEF,10,53
3056,0x0BF0,41,00
3057,0x0BF1,6C,0C
3058,0x0BF2,65,4F
3059,0x0BF3,78,77
3060,0x0BF4,6E,65
3061,0x0BF5,64,6E
3062,0x0BF6,65,20
3063,0x0BF7,72,4E
3064,0x0BF8,20,6F
3065,0x0BF9,53,6C
3066,0x0BFA,65,61
3067,0x0BFB,6D,6E
3068,0x0BFC,61,11
3069,0x0BFD,6B,84
3070,0x0BFE,20,44
3071,0x0BFF,64,34
3072,0x0C00,34,17
3073,0x0C01,43,44
3074,0x0C02,31,43
3075,0x0C03,44,34
3076,0x0C04,32,00
3077,0x0C05,42,0C
3078,0x0C06,00,4B
3079,0x0C07,0E,65
3080,0x0C08,59,76
3081,0x0C09,75,69
3082,0x0C0A,72,6E
3083,0x0C0B,69,20
3084,0x0C0C,20,54
3085,0x0C0D,4B,6F
3086,0x0C0E,68,64
3087,0x0C0F,6D,64
3088,0x0C10,79,15
3089,0x0C11,6C,53
3090,0x0C12,65,43
3091,0x0C13,76,33
3092,0x0C14,14,36
3093,0x0C15,74,32
3095,0x0C17,44,32
3096,0x0C18,31,00
3097,0x0C19,34,12
3098,0x0C1A,33,44
3099,0x0C1B,32,61
3100,0x0C1C,00,72
3101,0x0C1D,10,72
3102,0x0C1E,53,65
3103,0x0C1F,68,6E
3104,0x0C20,61,20
3105,0x0C21,79,54
3106,0x0C22,6E,75
3107,0x0C23,65,72
3108,0x0C24,20,63
3109,0x0C25,43,6F
3110,0x0C26,6F,74
3111,0x0C27,72,74
3112,0x0C28,73,65
3113,0x0C29,6F,00
3114,0x0C2A,6E,08
3115,0x0C2B,00,64
3116,0x0C2C,09,44
3117,0x0C2D,94,33
3118,0x0C2E,43,24
3120,0x0C30,46,44
3121,0x0C31,42,32
3122,0x0C32,42,00
3123,0x0C33,34,0E
3124,0x0C34,00,4B
3125,0x0C35,0E,65
3126,0x0C36,42,6C
3127,0x0C37,6F,6C
3128,0x0C38,62,79
3130,0x0C3A,53,4D
3131,0x0C3B,77,69
3132,0x0C3C,65,6C
3133,0x0C3D,65,6C
3134,0x0C3E,6E,65
3135,0x0C3F,65,72
3136,0x0C40,79,10
3137,0x0C41,00,84
3138,0x0C42,42,43
3139,0x0C43,94,33
3140,0x0C44,23,20
3141,0x0C45,53,43
3142,0x0C46,47,32
3143,0x0C47,34,41
3144,0x0C48,42,00
3145,0x0C49,33,0E
3146,0x0C4A,00,52
3147,0x0C4B,0E,61
3148,0x0C4C,50,79
3149,0x0C4D,61,20
3150,0x0C4E,75,42
3151,0x0C4F,6C,6F
3152,0x0C50,20,75
3153,0x0C51,43,72
3154,0x0C52,6F,71
3155,0x0C53,66,75
3156,0x0C54,66,65
3157,0x0C55,65,00
3158,0x0C56,79,77
3159,0x0C57,00,A5
3160,0x0C58,77,44
3161,0x0C59,96,65
3162,0x0C5A,54,60
3163,0x0C5B,34,55
3164,0x0C5C,24,62
3165,0x0C5D,61,52
3166,0x0C5E,51,00
3167,0x0C5F,53,10
3168,0x0C60,00,41
3169,0x0C61,12,6C
3170,0x0C62,41,65
3171,0x0C63,6C,78
3173,0x0C65,78,69
3174,0x0C66,65,20
3175,0x0C67,69,5A
3176,0x0C68,20,68
3177,0x0C69,4B,69
3178,0x0C6A,61,74
3179,0x0C6B,73,6E
3180,0x0C6C,61,69
3181,0x0C6D,74,6B
3182,0x0C6E,6F,02
3183,0x0C6F,6E,54
3184,0x0C70,6F,43
3185,0x0C71,76,43
3186,0x0C72,07,34
3187,0x0C73,B4,32
3188,0x0C74,32,41
3189,0x0C75,34,33
3190,0x0C76,44,00
3191,0x0C77,41,14
3192,0x0C78,31,52
3193,0x0C79,42,69
3194,0x0C7A,00,63
3195,0x0C7B,10,68
3196,0x0C7C,53,61
3197,0x0C7D,65,72
3198,0x0C7E,72,64
3199,0x0C7F,67,20
3200,0x0C80,65,4D
3201,0x0C81,69,61
3202,0x0C82,20,74
3203,0x0C83,42,76
3204,0x0C84,61,69
3205,0x0C85,75,63
3206,0x0C86,74,68
3207,0x0C87,69,75
3208,0x0C88,6E,6B
3210,0x0C8A,03,04
3211,0x0C8B,63,72
3212,0x0C8C,32,31
3213,0x0C8D,43,33
3214,0x0C8E,44,36
3215,0x0C8F,31,30
3216,0x0C90,42,35
3217,0x0C91,33,22
3220,0x0C94,50,47
3222,0x0C96,75,72
3223,0x0C97,6C,72
3224,0x0C98,20,79
3225,0x0C99,53,20
3226,0x0C9A,74,47
3228,0x0C9C,6E,6C
3229,0x0C9D,74,6C
3230,0x0C9E,6F,65
3231,0x0C9F,6E,79
3232,0x0CA0,23,03
3233,0x0CA1,83,72
3234,0x0CA2,32,23
3235,0x0CA3,34,42
3236,0x0CA4,33,36
3237,0x0CA5,21,31
3238,0x0CA6,35,32
3239,0x0CA7,43,33
3243,0x0CAB,0A,0C
3245,0x0CAD,68,61
3246,0x0CAE,69,6C
3247,0x0CAF,63,69
3248,0x0CB0,61,66
3249,0x0CB1,67,6F
3250,0x0CB2,6F,72
3251,0x0CB3,00,6E
3252,0x0CB4,00,69
3253,0x0CB5,06,61
3254,0x0CB6,43,00
3255,0x0CB7,48,06
3256,0x0CB8,49,43
3257,0x0CB9,00,47
3258,0x0CBA,00,53
3259,0x0CBB,0C,00
3260,0x0CBC,42,00
3261,0x0CBD,6C,0E
3262,0x0CBE,61,47
3263,0x0CBF,63,6F
3264,0x0CC0,6B,6C
3265,0x0CC1,68,64
3266,0x0CC2,61,65
3267,0x0CC3,77,6E
3268,0x0CC4,6B,20
3269,0x0CC5,73,53
3270,0x0CC6,00,65
3271,0x0CC7,10,61
3272,0x0CC8,55,6C
3273,0x0CC9,6E,73
3274,0x0CCA,69,00
3275,0x0CCB,74,28
3276,0x0CCC,65,4F
3277,0x0CCD,64,61
3278,0x0CCE,20,6B
3279,0x0CCF,43,6C
3280,0x0CD0,65,61
3282,0x0CD2,74,64
3283,0x0CD3,65,2D
3284,0x0CD4,72,41
3285,0x0CD5,00,6C
3286,0x0CD6,01,61
3287,0x0CD7,46,6D
3288,0x0CD8,00,65
3289,0x0CD9,0C,64
3290,0x0CDA,02,61
3291,0x0CDB,5E,20
3292,0x0CDC,00,43
3293,0x0CDD,52,6F
3294,0x0CDE,00,75
3295,0x0CDF,4C,6E
3296,0x0CE0,00,74
3297,0x0CE1,50,79
3298,0x0CE2,0E,20
3299,0x0CE3,EA,43
3300,0x0CE4,0C,6F
3301,0x0CE5,CC,6C
3302,0x0CE6,00,69
3303,0x0CE7,00,73
3304,0x0CE8,0A,65
3305,0x0CE9,AA,75
3306,0x0CEA,0C,6D
3307,0x0CEB,CC,20
3308,0x0CEC,0E,41
3309,0x0CED,EE,72
3310,0x0CEE,08,65
3311,0x0CEF,8C,6E
3312,0x0CF0,06,61
3313,0x0CF1,6A,00
3314,0x0CF2,02,01
3315,0x0CF3,40,F6
3316,0x0CF4,02,00
3317,0x0CF5,60,0C
3318,0x0CF6,0E,03
3319,0x0CF7,EE,0C
3320,0x0CF8,0C,00
3321,0x0CF9,CC,52
3322,0x0CFA,0E,00
3323,0x0CFB,EE,4C
3324,0x0CFC,0A,00
3325,0x0CFD,AA,50
3326,0x0CFE,04,0E
3327,0x0CFF,8C,EA
3328,0x0D00,0A,02
3329,0x0D01,A6,22
3330,0x0D02,0E,00
3331,0x0D03,EA,00
3332,0x0D04,0C,00
3333,0x0D05,CC,00
3334,0x0D06,00,02
3336,0x0D08,00,02
3337,0x0D09,00,22
3338,0x0D0A,02,08
3339,0x0D0B,22,8C
3340,0x0D0C,04,06
3341,0x0D0D,44,6A
3342,0x0D0E,08,00
3343,0x0D0F,8C,00
3344,0x0D10,06,02
3345,0x0D11,6A,22
3346,0x0D12,04,00
3347,0x0D13,A4,08
3348,0x0D14,04,0C
3349,0x0D15,E4,CC
3350,0x0D16,00,0E
3351,0x0D17,00,EE
3352,0x0D18,00,0A
3353,0x0D19,00,AA
3354,0x0D1A,02,04
3355,0x0D1B,22,8C
3356,0x0D1C,00,0A
3357,0x0D1D,00,A6
3358,0x0D1E,04,0E
3359,0x0D1F,8C,EA
3360,0x0D20,0A,02
3361,0x0D21,A6,22
3362,0x0D22,43,00
3364,0x0D24,10,00
3365,0x0D25,64,00
3366,0x0D26,11,02
3368,0x0D28,01,02
3369,0x0D29,0A,22
3370,0x0D2A,09,08
3371,0x0D2B,04,8C
3372,0x0D2C,03,06
3373,0x0D2D,05,6A
3374,0x0D2E,07,0C
3375,0x0D2F,00,CC
3376,0x0D30,01,0C
3377,0x0D31,0A,CC
3378,0x0D32,09,00
3379,0x0D33,04,00
3380,0x0D34,03,00
3381,0x0D35,05,08
3382,0x0D36,07,02
3383,0x0D37,00,2A
3384,0x0D38,01,00
3385,0x0D39,09,04
3386,0x0D3A,0B,04
3387,0x0D3B,03,8C
3388,0x0D3C,04,0A
3389,0x0D3D,06,A6
3390,0x0D3E,05,43
3392,0x0D40,01,10
3393,0x0D41,0B,64
3394,0x0D42,0C,11
3395,0x0D43,06,00
3396,0x0D44,05,01
3397,0x0D45,04,09
3398,0x0D46,03,0A
3399,0x0D47,00,03
3400,0x0D48,01,04
3401,0x0D49,0A,05
3402,0x0D4A,09,06
3403,0x0D4B,04,00
3404,0x0D4C,03,01
3405,0x0D4D,05,09
3406,0x0D4E,07,0A
3407,0x0D4F,00,03
3408,0x0D50,01,04
3409,0x0D51,0A,05
3410,0x0D52,09,06
3411,0x0D53,04,00
3412,0x0D54,03,01
3413,0x0D55,05,09
3414,0x0D56,07,0A
3415,0x0D57,00,03
3416,0x0D58,01,04
3417,0x0D59,0A,05
3418,0x0D5A,09,06
3419,0x0D5B,04,00
3420,0x0D5C,03,01
3421,0x0D5D,05,09
3422,0x0D5E,07,0A
3423,0x0D5F,00,03
3424,0x0D60,01,04
3425,0x0D61,0A,05
3426,0x0D62,09,06
3427,0x0D63,04,00
3428,0x0D64,03,01
3429,0x0D65,05,09
3430,0x0D66,07,0A
3431,0x0D67,00,03
3816,0x0EE8,44,00
3817,0x0EE9,44,0E
3818,0x0EEA,00,50
3819,0x0EEB,14,61
3820,0x0EEC,4D,74
3821,0x0EED,69,72
3822,0x0EEE,6B,69
3823,0x0EEF,68,63
3824,0x0EF0,61,6B
3825,0x0EF1,69,20
3826,0x0EF2,6C,52
3827,0x0EF3,20,6F
3828,0x0EF4,54,79
3829,0x0EF5,61,00
3830,0x0EF6,74,33
3831,0x0EF7,61,66
3832,0x0EF8,72,44
3833,0x0EF9,69,46
3834,0x0EFA,6E,00
3835,0x0EFB,6F,00
3836,0x0EFC,76,55
3837,0x0EFD,00,66
3838,0x0EFE,04,00
3839,0x0EFF,83,0E
3840,0x0F00,32,4B
3841,0x0F01,25,61
3842,0x0F02,46,79
3843,0x0F03,41,20
3844,0x0F04,24,57
3845,0x0F05,43,68
3846,0x0F06,00,69
3847,0x0F07,0E,74
3848,0x0F08,4A,6D
3849,0x0F09,61,6F
3850,0x0F0A,6D,72
3851,0x0F0B,69,65
3852,0x0F0C,65,35
3853,0x0F0D,20,53
3854,0x0F0E,4D,35
3855,0x0F0F,61,63
3856,0x0F10,63,00
3857,0x0F11,6F,00
3858,0x0F12,75,23
3859,0x0F13,6E,23
3860,0x0F14,43,00
3861,0x0F15,83,0E
3862,0x0F16,32,4D
3863,0x0F17,44,61
3864,0x0F18,44,74
3865,0x0F19,31,73
3866,0x0F1A,44,20
3867,0x0F1B,42,53
3868,0x0F1C,00,75
3869,0x0F1D,0E,6E
3870,0x0F1E,4D,64
3872,0x0F20,63,6E
3873,0x0F21,68,00
3874,0x0F22,65,13
3875,0x0F23,6C,74
3876,0x0F24,20,45
3877,0x0F25,50,44
3878,0x0F26,65,13
3879,0x0F27,74,45
3880,0x0F28,69,40
3881,0x0F29,74,43
3882,0x0F2A,03,00
3883,0x0F2B,93,10
3884,0x0F2C,32,45
3885,0x0F2D,34,76
3886,0x0F2E,39,67
3887,0x0F2F,41,65
3888,0x0F30,33,6E
3889,0x0F31,33,79
3890,0x0F32,00,20
3891,0x0F33,02,44
3892,0x0F34,00,61
3893,0x0F35,08,76
3894,0x0F36,44,79
3895,0x0F37,61,64
3896,0x0F38,6C,6F
3897,0x0F39,6C,76
3898,0x0F3A,61,11
3899,0x0F3B,73,64
3900,0x0F3C,00,43
3901,0x0F3D,06,34
3902,0x0F3E,44,13
3903,0x0F3F,41,34
3904,0x0F40,4C,35
3905,0x0F41,00,32
3907,0x0F43,08,10
3908,0x0F44,53,41
3909,0x0F45,74,6C
3910,0x0F46,61,65
3911,0x0F47,72,78
3912,0x0F48,73,6E
3913,0x0F49,00,64
3914,0x0F4A,00,65
3915,0x0F4B,18,72
3916,0x0F4C,41,20
3917,0x0F4D,6D,53
3919,0x0F4F,72,6D
3920,0x0F50,69,61
3921,0x0F51,63,6B
3922,0x0F52,61,20
3923,0x0F53,20,64
3924,0x0F54,41,34
3925,0x0F55,69,43
3926,0x0F56,72,31
3927,0x0F57,6C,44
3928,0x0F58,69,32
3929,0x0F59,6E,42
3930,0x0F5A,65,00
3931,0x0F5B,73,0E
3932,0x0F5C,20,59
3933,0x0F5D,41,75
3935,0x0F5F,65,69
3936,0x0F60,6E,20
3937,0x0F61,61,4B
3938,0x0F62,01,68
3939,0x0F63,46,6D
3940,0x0F64,00,79
3941,0x0F65,0C,6C
3942,0x0F66,02,65
3943,0x0F67,66,76
3944,0x0F68,00,14
3945,0x0F69,52,74
3946,0x0F6A,00,33
3947,0x0F6B,4C,44
3948,0x0F6C,00,31
3949,0x0F6D,50,34
3950,0x0F6E,0E,33
3951,0x0F6F,E8,32
3952,0x0F70,0E,00
3953,0x0F71,EE,10
3954,0x0F72,00,53
3955,0x0F73,00,68
3956,0x0F74,00,61
3957,0x0F75,06,79
3958,0x0F76,00,6E
3959,0x0F77,08,65
3960,0x0F78,00,20
3961,0x0F79,0A,43
3962,0x0F7A,08,6F
3963,0x0F7B,8C,72
3964,0x0F7C,06,73
3965,0x0F7D,6A,6F
3966,0x0F7E,00,6E
3967,0x0F7F,0A,00
3968,0x0F80,00,09
3969,0x0F81,0C,94
3970,0x0F82,0C,43
3971,0x0F83,CC,43
3972,0x0F84,0C,46
3973,0x0F85,CC,42
3974,0x0F86,0E,42
3975,0x0F87,EE,34
3976,0x0F88,0A,00
3977,0x0F89,AA,0E
3978,0x0F8A,04,42
3979,0x0F8B,8C,6F
3980,0x0F8C,0A,62
3981,0x0F8D,84,20
3982,0x0F8E,0E,53
3983,0x0F8F,E8,77
3984,0x0F90,0E,65
3985,0x0F91,EE,65
3986,0x0F92,00,6E
3987,0x0F93,00,65
3988,0x0F94,00,79
3989,0x0F95,06,00
3990,0x0F96,00,42
3991,0x0F97,08,94
3992,0x0F98,00,23
3993,0x0F99,0A,53
3994,0x0F9A,08,47
3995,0x0F9B,8C,34
3996,0x0F9C,06,42
3997,0x0F9D,6A,33
3998,0x0F9E,0A,00
3999,0x0F9F,AA,0E
4000,0x0FA0,0C,50
4001,0x0FA1,CC,61
4002,0x0FA2,00,75
4003,0x0FA3,0A,6C
4004,0x0FA4,00,20
4005,0x0FA5,08,43
4006,0x0FA6,00,6F
4007,0x0FA7,0A,66
4008,0x0FA8,00,66
4009,0x0FA9,06,65
4010,0x0FAA,04,79
4011,0x0FAB,8C,00
4012,0x0FAC,0A,77
4013,0x0FAD,84,96
4014,0x0FAE,43,54
4015,0x0FAF,00,34
4016,0x0FB0,10,24
4017,0x0FB1,64,61
4018,0x0FB2,11,51
4019,0x0FB3,00,53
4020,0x0FB4,01,00
4021,0x0FB5,09,12
4022,0x0FB6,0A,41
4023,0x0FB7,06,6C
4024,0x0FB8,04,65
4025,0x0FB9,03,78
4026,0x0FBA,05,65
4027,0x0FBB,00,69
4028,0x0FBC,01,20
4029,0x0FBD,09,4B
4030,0x0FBE,0A,61
4031,0x0FBF,06,73
4032,0x0FC0,04,61
4033,0x0FC1,03,74
4034,0x0FC2,05,6F
4035,0x0FC3,00,6E
4036,0x0FC4,01,6F
4037,0x0FC5,0B,76
4038,0x0FC6,0A,07
4039,0x0FC7,06,B4
4040,0x0FC8,04,32
4041,0x0FC9,05,34
4042,0x0FCA,07,44
4043,0x0FCB,00,41
4044,0x0FCC,01,31
4045,0x0FCD,0C,42
4046,0x0FCE,0B,00
4047,0x0FCF,06,10
4048,0x0FD0,04,53
4049,0x0FD1,07,65
4050,0x0FD2,08,72
4051,0x0FD3,00,67
4052,0x0FD4,01,65
4053,0x0FD5,09,69
4054,0x0FD6,0A,20
4055,0x0FD7,06,42
4056,0x0FD8,04,61
4057,0x0FD9,03,75
4058,0x0FDA,05,74
4059,0x0FDB,00,69
4060,0x0FDC,01,6E
4061,0x0FDD,09,00
4062,0x0FDE,0A,03
4063,0x0FDF,06,63
4064,0x0FE0,04,32
4065,0x0FE1,03,43
4066,0x0FE2,05,44
4067,0x0FE3,00,31
4068,0x0FE4,01,42
4069,0x0FE5,09,33
4070,0x0FE6,0A,00
4071,0x0FE7,06,0E
4072,0x0FE8,04,50
4073,0x0FE9,03,61
4074,0x0FEA,05,75
4075,0x0FEB,00,6C
4076,0x0FEC,01,20
4077,0x0FED,09,53
4078,0x0FEE,0A,74
4079,0x0FEF,06,61
4080,0x0FF0,04,6E
4081,0x0FF1,03,74
4082,0x0FF2,05,6F
4083,0x0FF3,00,6E
4264,0x10A8,00,04
4265,0x10A9,0E,05
4266,0x10AA,52,06
4267,0x10AB,6F,00
4268,0x10AC,6E,01
4269,0x10AD,20,09
4270,0x10AE,48,0A
4271,0x10AF,65,03
4272,0x10B0,78,04
4273,0x10B1,74,05
4274,0x10B2,61,06
4275,0x10B3,6C,00
4276,0x10B4,6C,01
4277,0x10B5,00,09
4278,0x10B6,27,0A
4279,0x10B7,75,03
4280,0x10B8,44,04
4281,0x10B9,55,05
4282,0x10BA,00,06
4638,0x121E,0E,00
4639,0x121F,EE,0C
4640,0x1220,08,4A
4641,0x1221,88,6F
4642,0x1222,04,6E
4643,0x1223,8C,20
4644,0x1224,0A,43
4645,0x1225,84,61
4646,0x1226,0E,73
4647,0x1227,E8,65
4648,0x1228,02,79
4649,0x1229,22,00
4650,0x122A,00,30
4651,0x122B,00,25
4652,0x122C,02,34
4653,0x122D,00,54
4654,0x122E,06,00
4656,0x1230,06,22
4657,0x1231,22,34
4658,0x1232,08,00
4659,0x1233,8C,12
4660,0x1234,06,44
4661,0x1235,6A,6F
4662,0x1236,08,6D
4663,0x1237,88,69
4664,0x1238,0C,6E
4665,0x1239,CC,69
4666,0x123A,00,63
4667,0x123B,2C,20
4668,0x123C,06,52
4669,0x123D,00,6F
4670,0x123E,06,75
4671,0x123F,22,73
4672,0x1240,02,73
4673,0x1241,00,65
4674,0x1242,04,6C
4675,0x1243,8C,00
4676,0x1244,0A,33
4677,0x1245,84,64
4678,0x1246,43,33
4679,0x1247,00,44
4680,0x1248,10,00
4681,0x1249,64,00
4682,0x124A,11,33
4683,0x124B,00,22
4684,0x124C,01,00
4685,0x124D,0A,0C
4686,0x124E,09,42
4687,0x124F,04,72
4688,0x1250,03,65
4689,0x1251,05,74
4690,0x1252,06,74
4691,0x1253,00,20
4692,0x1254,01,48
4693,0x1255,0A,75
4694,0x1256,09,6C
4695,0x1257,04,6C
4696,0x1258,03,16
4697,0x1259,05,94
4698,0x125A,06,45
4699,0x125B,00,36
4700,0x125C,01,33
4701,0x125D,0B,53
4702,0x125E,0C,44
4703,0x125F,04,32
4704,0x1260,03,00
4705,0x1261,06,0E
4706,0x1262,07,4E
4707,0x1263,00,65
4708,0x1264,01,61
4709,0x1265,0C,6C
4710,0x1266,0B,20
4711,0x1267,04,42
4712,0x1268,03,72
4713,0x1269,07,6F
4714,0x126A,08,74
4715,0x126B,00,65
4716,0x126C,01,6E
4717,0x126D,0A,00
4718,0x126E,09,07
4719,0x126F,04,44
4720,0x1270,03,43
4721,0x1271,05,53
4722,0x1272,06,30
4723,0x1273,00,32
4724,0x1274,01,43
4725,0x1275,0A,41
4726,0x1276,09,00
4727,0x1277,04,0E
4728,0x1278,03,4A
4729,0x1279,05,61
4730,0x127A,06,72
4731,0x127B,00,6F
4732,0x127C,01,6D
4733,0x127D,0A,69
4734,0x127E,09,72
4735,0x127F,04,20
4736,0x1280,03,4A
4737,0x1281,05,61
4738,0x1282,06,67
4739,0x1283,00,72
4740,0x1284,01,68
4741,0x1285,0A,A5
4742,0x1286,09,44
4743,0x1287,04,33
4744,0x1288,03,44
4745,0x1289,05,53
4746,0x128A,06,41
4747,0x128B,00,42
4941,0x134D,0E,18
4942,0x134E,46,41
4943,0x134F,65,6D
4944,0x1350,6C,65
4945,0x1351,69,72
4946,0x1352,78,69
4947,0x1353,20,63
4948,0x1354,50,61
4949,0x1355,6F,20
4950,0x1356,74,41
4951,0x1357,76,69
4952,0x1358,69,72
4953,0x1359,6E,6C
4954,0x135A,29,69
4955,0x135B,65,6E
4956,0x135C,46,65
4957,0x135D,65,73
4958,0x135E,00,20
4959,0x135F,00,41
4960,0x1360,44,72
4961,0x1361,44,65
4962,0x1362,00,6E
4963,0x1363,14,61
4964,0x1364,44,01
4965,0x1365,61,EC
4966,0x1366,6E,00
4967,0x1367,69,0C
4968,0x1368,65,03
4969,0x1369,6C,0C
4970,0x136A,20,00
4971,0x136B,42,52
4972,0x136C,65,00
4973,0x136D,72,4C
4974,0x136E,74,00
4975,0x136F,68,50
4976,0x1370,69,0E
4977,0x1371,61,E8
4978,0x1372,75,0E
4979,0x1373,6D,EE
4980,0x1374,65,00
4982,0x1376,32,00
4983,0x1377,14,06
4984,0x1378,31,00
4985,0x1379,23,08
4987,0x137B,00,0A
4988,0x137C,22,08
4989,0x137D,22,8C
4990,0x137E,00,06
4991,0x137F,10,6A
4992,0x1380,4A,00
4993,0x1381,65,0A
4994,0x1382,72,00
4995,0x1383,65,0C
4996,0x1384,6D,0C
4997,0x1385,79,CC
4998,0x1386,20,0C
4999,0x1387,52,CC
5000,0x1388,6F,0E
5001,0x1389,65,EE
5002,0x138A,6E,0A
5003,0x138B,69,AA
5004,0x138C,63,04
5005,0x138D,6B,8C
5006,0x138E,27,0A
5007,0x138F,45,84
5008,0x1390,54,0E
5009,0x1391,45,E8
5010,0x1392,23,0E
5011,0x1393,55,EE
5012,0x1394,52,00
5013,0x1395,53,00
5015,0x1397,0E,06
5016,0x1398,53,00
5017,0x1399,74,08
5018,0x139A,65,00
5019,0x139B,76,0A
5020,0x139C,65,08
5021,0x139D,20,8C
5022,0x139E,4C,06
5023,0x139F,61,6A
5024,0x13A0,72,0A
5025,0x13A1,6D,AA
5026,0x13A2,65,0C
5027,0x13A3,72,CC
5028,0x13A4,28,00
5029,0x13A5,74,0A
5030,0x13A6,44,00
5031,0x13A7,64,08
5032,0x13A8,44,00
5033,0x13A9,44,0A
5034,0x13AA,63,00
5035,0x13AB,42,06
5036,0x13AC,00,04
5037,0x13AD,0E,8C
5038,0x13AE,4D,0A
5039,0x13AF,61,84
5040,0x13B0,72,43
5041,0x13B1,6B,00
5042,0x13B2,20,10
5043,0x13B3,4D,64
5044,0x13B4,65,11
5045,0x13B5,73,00
5046,0x13B6,73,01
5047,0x13B7,69,09
5048,0x13B8,65,0A
5049,0x13B9,72,03
5050,0x13BA,11,04
5051,0x13BB,A5,05
5052,0x13BC,44,06
5053,0x13BD,43,00
5054,0x13BE,54,01
5055,0x13BF,53,09
5056,0x13C0,40,0A
5057,0x13C1,53,03
5058,0x13C2,00,04
5059,0x13C3,0E,05
5060,0x13C4,43,06
5061,0x13C5,6F,00
5062,0x13C6,72,01
5063,0x13C7,65,09
5064,0x13C8,79,0A
5065,0x13C9,20,03
5066,0x13CA,4D,04
5067,0x13CB,69,05
5068,0x13CC,6C,06
5069,0x13CD,6C,00
5070,0x13CE,65,01
5071,0x13CF,6E,09
5072,0x13D0,23,0A
5073,0x13D1,43,03
5074,0x13D2,44,04
5075,0x13D3,32,05
5076,0x13D4,15,06
5077,0x13D5,34,00
5078,0x13D6,33,01
5079,0x13D7,33,09
5080,0x13D8,00,0A
5081,0x13D9,0C,03
5082,0x13DA,44,04
5083,0x13DB,65,05
5084,0x13DC,72,06
5085,0x13DD,65,00
5086,0x13DE,6B,01
5087,0x13DF,20,09
5088,0x13E0,4B,0A
5089,0x13E1,69,03
5090,0x13E2,6E,04
5091,0x13E3,67,05
5092,0x13E4,17,06
5093,0x13E5,93,00
5094,0x13E6,24,01
5095,0x13E7,34,09
5096,0x13E8,14,0A
5097,0x13E9,45,03
5098,0x13EA,42,04
5099,0x13EB,22,05
5100,0x13EC,00,06
5101,0x13ED,0E,00
5102,0x13EE,43,01
5103,0x13EF,68,09
5104,0x13F0,72,0A
5105,0x13F1,69,03
5106,0x13F2,73,04
5107,0x13F3,20,05
5108,0x13F4,4B,06
5109,0x13F5,6F,00
5628,0x15FC,00,6B
5629,0x15FD,0E,65
5630,0x15FE,4D,20
5631,0x15FF,69,44
5632,0x1600,6B,6F
5633,0x1601,65,6E
5634,0x1602,20,6E
5635,0x1603,52,65
5636,0x1604,69,6C
5637,0x1605,63,6C
5638,0x1606,68,79
5639,0x1607,74,00
5640,0x1608,65,22
5641,0x1609,72,64
5642,0x160A,35,44
5643,0x160B,74,32
5644,0x160C,44,34
5645,0x160D,54,23
5646,0x160E,00,43
5647,0x160F,00,32
5648,0x1610,44,00
5649,0x1611,44,0E
5650,0x1612,00,53
5651,0x1613,0C,74
5652,0x1614,4A,65
5653,0x1615,69,76
5654,0x1616,6D,65
5656,0x1618,57,53
5657,0x1619,61,6D
5660,0x161C,65,68
5662,0x161E,29,05
5663,0x161F,64,B4
5664,0x1620,33,43
5665,0x1621,43,44
5666,0x1622,00,46
5667,0x1623,00,41
5668,0x1624,22,52
5669,0x1625,33,44
5672,0x1628,53,43
5673,0x1629,74,61
5674,0x162A,65,6C
5675,0x162B,70,6C
5676,0x162C,68,65
5677,0x162D,61,20
5678,0x162E,6E,4A
5679,0x162F,65,6F
5680,0x1630,20,68
5681,0x1631,52,61
5682,0x1632,69,6E
5683,0x1633,63,73
5684,0x1634,68,73
5685,0x1635,65,6F
5686,0x1636,72,6E
5688,0x1638,44,06
5690,0x163A,44,33
5691,0x163B,35,44
5692,0x163C,21,34
5693,0x163D,43,41
5694,0x163E,44,41
5695,0x163F,32,42
5698,0x1642,57,53
5700,0x1644,6E,72
5701,0x1645,64,67
5703,0x1647,6C,69
5705,0x1649,43,5A
5706,0x164A,6C,75
5707,0x164B,61,62
5708,0x164C,72,6F
5709,0x164D,6B,76
5710,0x164E,17,21
5711,0x164F,83,73
5713,0x1651,35,43
5714,0x1652,46,33
5715,0x1653,43,32
5716,0x1654,43,31
5717,0x1655,44,30
5719,0x1657,0C,10
5720,0x1658,42,47
5721,0x1659,6F,72
5722,0x165A,62,61
5723,0x165B,20,6E
5724,0x165C,42,74
5725,0x165D,61,20
5726,0x165E,73,4C
5727,0x165F,73,65
5728,0x1660,65,64
5729,0x1661,6E,79
5730,0x1662,28,61
5731,0x1663,43,72
5732,0x1664,42,64
5733,0x1665,22,00
5734,0x1666,48,03
5735,0x1667,33,94
5736,0x1668,23,32
5737,0x1669,23,31
5738,0x166A,00,3C
5739,0x166B,12,10
5740,0x166C,42,23
5741,0x166D,72,23
5742,0x166E,65,00
5743,0x166F,6E,02
5744,0x1670,64,00
5745,0x1671,61,0A
5746,0x1672,6E,44
5747,0x1673,20,65
5748,0x1674,53,74
5749,0x1675,68,72
5750,0x1676,61,6F
5751,0x1677,6E,69
5752,0x1678,61,74
5753,0x1679,68,00
5754,0x167A,61,00
5755,0x167B,6E,06
5756,0x167C,19,44
5757,0x167D,A3,45
5758,0x167E,35,54
5759,0x167F,44,00
5760,0x1680,27,00
5761,0x1681,45,0C
5762,0x1682,42,52
5763,0x1683,44,65
5764,0x1684,00,64
5765,0x1685,0E,20
5766,0x1686,4A,57
5767,0x1687,6F,69
5768,0x1688,68,6E
5769,0x1689,6E,67
5770,0x168A,20,73
5771,0x168B,43,00
5772,0x168C,75,00
5773,0x168D,6C,16
5774,0x168E,6C,4C
5775,0x168F,65,69
5776,0x1690,6E,74
5777,0x1691,00,74
5778,0x1692,09,6C
5779,0x1693,74,65
5780,0x1694,34,20
5781,0x1695,33,43
5782,0x1696,23,61
5783,0x1697,44,65
5784,0x1698,41,73
5785,0x1699,43,61
5786,0x169A,00,72
5787,0x169B,0E,73
5788,0x169C,4B,20
5789,0x169D,65,41
5790,0x169E,76,72
5791,0x169F,69,65
5793,0x16A1,20,61
5794,0x16A2,4D,01
5795,0x16A3,69,F2
5796,0x16A4,6C,00
5797,0x16A5,6C,0C
5798,0x16A6,65,03
5799,0x16A7,72,0C
5800,0x16A8,14,00
5801,0x16A9,74,52
5802,0x16AA,33,00
5803,0x16AB,43,4C
5804,0x16AC,37,00
5805,0x16AD,33,50
5806,0x16AE,43,0E
5807,0x16AF,33,E8
5808,0x16B0,00,02
5809,0x16B1,0E,22
5810,0x16B2,50,00
5811,0x16B3,68,00
5812,0x16B4,69,02
5813,0x16B5,6C,00
5814,0x16B6,20,06
5815,0x16B7,48,00
5816,0x16B8,6F,06
5817,0x16B9,75,22
5818,0x16BA,73,08
5819,0x16BB,6C,8C
5820,0x16BC,65,06
5821,0x16BD,79,6A
5822,0x16BE,06,00
5823,0x16BF,66,2A
5824,0x16C0,54,00
5825,0x16C1,33,2C
5826,0x16C2,24,06
5827,0x16C3,62,00
5828,0x16C4,40,0C
5829,0x16C5,62,CC
5830,0x16C6,00,0E
5831,0x16C7,10,EE
5832,0x16C8,43,08
5833,0x16C9,68,88
5834,0x16CA,72,04
5835,0x16CB,69,8C
5836,0x16CC,73,0A
5837,0x16CD,20,84
5838,0x16CE,43,0E
5839,0x16CF,68,E8
5840,0x16D0,65,02
5841,0x16D1,6C,22
5842,0x16D2,69,00
5843,0x16D3,6F,00
5844,0x16D4,73,02
5846,0x16D6,07,06
5847,0x16D7,74,00
5848,0x16D8,44,06
5849,0x16D9,65,22
5850,0x16DA,47,08
5851,0x16DB,51,8C
5852,0x16DC,62,06
5853,0x16DD,45,6A
5854,0x16DE,00,08
5855,0x16DF,0E,88
5856,0x16E0,47,0C
5857,0x16E1,65,CC
5858,0x16E2,6F,00
5859,0x16E3,66,2C
5860,0x16E4,66,06
5861,0x16E5,20,00
5862,0x16E6,53,06
5863,0x16E7,6D,22
5864,0x16E8,69,02
5865,0x16E9,74,00
5866,0x16EA,68,04
5867,0x16EB,00,8C
5868,0x16EC,25,0A
5869,0x16ED,94,84
5870,0x16EE,32,43
5871,0x16EF,31,00
5872,0x16F0,14,10
5873,0x16F1,31,64
5874,0x16F2,32,11
5875,0x16F3,31,00
5876,0x16F4,00,01
5877,0x16F5,0C,09
5878,0x16F6,41,0A
5879,0x16F7,64,03
5880,0x16F8,61,04
5881,0x16F9,6D,05
5882,0x16FA,20,06
5883,0x16FB,46,00
5884,0x16FC,6F,01
5885,0x16FD,6F,09
5886,0x16FE,74,0A
5887,0x16FF,65,03
5888,0x1700,52,04
5889,0x1701,62,05
5890,0x1702,22,06
5891,0x1703,41,00
5892,0x1704,33,01
5893,0x1705,21,09
5894,0x1706,32,0A
5895,0x1707,24,03
5896,0x1708,00,04
5897,0x1709,02,05
5898,0x170A,00,06
5899,0x170B,0A,00
5900,0x170C,48,01
5901,0x170D,61,09
5902,0x170E,6D,0A
5903,0x170F,69,03
5904,0x1710,6C,04
5905,0x1711,74,05
5906,0x1712,6F,06
5907,0x1713,6E,00
5908,0x1714,00,01
5909,0x1715,06,09
5910,0x1716,48,0A
5911,0x1717,41,03
5912,0x1718,4D,04
5913,0x1719,00,05
5914,0x171A,00,06
5915,0x171B,08,00
5916,0x171C,54,01
5917,0x171D,69,09
5918,0x171E,67,0A
5919,0x171F,65,03
5920,0x1720,72,04
5921,0x1721,73,05
5922,0x1722,00,06
5923,0x1723,16,00
5924,0x1724,42,01
5925,0x1725,61,09
5926,0x1726,72,0A
5927,0x1727,74,03
5928,0x1728,6F,04
5929,0x1729,6E,05
5930,0x172A,20,06
5931,0x172B,53,00
5932,0x172C,74,01
5933,0x172D,72,09
5934,0x172E,65,0A
5935,0x172F,65,03
5936,0x1730,74,04
5937,0x1731,20,05
5938,0x1732,41,06
5939,0x1733,72,00
6292,0x1894,6E,00
6293,0x1895,6F,0E
6294,0x1896,6E,46
6295,0x1897,00,65
6296,0x1898,30,6C
6297,0x1899,44,69
6298,0x189A,44,78
6299,0x189B,55,20
6300,0x189C,00,50
6301,0x189D,00,6F
6302,0x189E,44,74
6303,0x189F,33,76
6304,0x18A0,00,69
6305,0x18A1,12,6E
6306,0x18A2,43,29
6307,0x18A3,72,65
6308,0x18A4,61,46
6309,0x18A5,69,65
6310,0x18A6,67,00
6311,0x18A7,20,00
6312,0x18A8,42,44
6313,0x18A9,69,44
6314,0x18AA,6C,00
6315,0x18AB,6C,14
6316,0x18AC,69,44
6317,0x18AD,6E,61
6318,0x18AE,67,6E
6319,0x18AF,74,69
6320,0x18B0,6F,65
6321,0x18B1,6E,6C
6322,0x18B2,01,20
6323,0x18B3,44,42
6324,0x18B4,42,65
6325,0x18B5,32,72
6326,0x18B6,00,74
6327,0x18B7,00,68
6328,0x18B8,22,69
6329,0x18B9,22,61
6330,0x18BA,00,75
6331,0x18BB,0E,6D
6332,0x18BC,44,65
6333,0x18BD,6F,00
6334,0x18BE,75,32
6335,0x18BF,67,14
6336,0x18C0,20,31
6337,0x18C1,47,23
6338,0x18C2,69,00
6339,0x18C3,6C,00
6340,0x18C4,6D,22
6341,0x18C5,6F,22
6342,0x18C6,75,00
6343,0x18C7,72,10
6344,0x18C8,93,4A
6345,0x18C9,45,65
6346,0x18CA,45,72
6347,0x18CB,54,65
6348,0x18CC,44,6D
6349,0x18CD,44,79
6350,0x18CE,60,20
6351,0x18CF,43,52
6352,0x18D0,00,6F
6353,0x18D1,12,65
6354,0x18D2,41,6E
6355,0x18D3,6E,69
6356,0x18D4,64,63
6357,0x18D5,72,6B
6358,0x18D6,65,27
6359,0x18D7,69,45
6360,0x18D8,20,54
6361,0x18D9,4B,45
6362,0x18DA,6F,23
6363,0x18DB,76,55
6364,0x18DC,61,52
6365,0x18DD,6C,53
6366,0x18DE,65,00
6367,0x18DF,6E,0E
6368,0x18E0,6B,53
6369,0x18E1,6F,74
6370,0x18E2,51,65
6371,0x18E3,33,76
6372,0x18E4,44,65
6373,0x18E5,33,20
6374,0x18E6,34,4C
6375,0x18E7,34,61
6376,0x18E8,41,72
6377,0x18E9,32,6D
6378,0x18EA,00,65
6379,0x18EB,0E,72
6380,0x18EC,54,28
6381,0x18ED,6F,74
6382,0x18EE,6E,44
6383,0x18EF,79,64
6384,0x18F0,20,44
6385,0x18F1,47,44
6386,0x18F2,72,63
6387,0x18F3,61,42
6388,0x18F4,6E,00
6389,0x18F5,61,0E
6390,0x18F6,74,4D
6391,0x18F7,6F,61
6392,0x18F8,21,72
6393,0x18F9,64,6B
6394,0x18FA,54,20
6395,0x18FB,43,4D
6396,0x18FC,33,65
6397,0x18FD,34,73
6398,0x18FE,33,73
6399,0x18FF,34,69
6400,0x1900,00,65
6401,0x1901,0E,72
6402,0x1902,4D,11
6403,0x1903,69,A5
6404,0x1904,6B,44
6405,0x1905,65,43
6406,0x1906,20,54
6407,0x1907,52,53
6408,0x1908,69,40
6409,0x1909,64,53
6410,0x190A,6C,00
6411,0x190B,65,0E
6412,0x190C,79,43
6413,0x190D,00,6F
6414,0x190E,17,72
6415,0x190F,94,65
6416,0x1910,44,79
6417,0x1911,33,20
6418,0x1912,20,4D
6419,0x1913,44,69
6420,0x1914,40,6C
6421,0x1915,42,6C
6422,0x1916,00,65
6423,0x1917,0E,6E
6424,0x1918,44,23
6425,0x1919,61,43
6426,0x191A,76,44
6427,0x191B,65,32
6428,0x191C,20,15
6429,0x191D,50,34
6430,0x191E,6F,33
6431,0x191F,75,33
6432,0x1920,6C,00
6433,0x1921,69,0C
6434,0x1922,6E,44
6435,0x1923,00,65
6436,0x1924,19,72
6437,0x1925,74,65
6438,0x1926,33,6B
6439,0x1927,43,20
6440,0x1928,44,4B
6441,0x1929,33,69
6442,0x192A,41,6E
6443,0x192B,42,67
6444,0x192C,00,17
6445,0x192D,10,93
6446,0x192E,41,24
6447,0x192F,6E,34
6448,0x1930,64,14
6449,0x1931,72,45
6450,0x1932,65,42
6451,0x1933,77,22
6452,0x1934,20,00
6453,0x1935,43,0E
6454,0x1936,61,43
6455,0x1937,73,68
6456,0x1938,73,72
6457,0x1939,65,69
6458,0x193A,6C,73
6459,0x193B,73,20
6460,0x193C,21,4B
6461,0x193D,73,6F
6462,0x193E,34,6E
6463,0x193F,42,74
6464,0x1940,20,6F
6465,0x1941,34,73
6466,0x1942,40,16
6467,0x1943,32,83
6468,0x1944,00,34
6469,0x1945,14,33
6470,0x1946,50,30
6471,0x1947,61,35
6472,0x1948,74,43
6473,0x1949,72,30
6474,0x194A,69,00
6475,0x194B,63,10
6476,0x194C,65,4B
6477,0x194D,20,65
6478,0x194E,42,76
6479,0x194F,72,69
6480,0x1950,69,6E
6481,0x1951,73,20
6482,0x1952,65,48
6483,0x1953,62,61
6484,0x1954,6F,74
6485,0x1955,69,63
6486,0x1956,73,68
6487,0x1957,00,65
6488,0x1958,43,72
6489,0x1959,53,00
6490,0x195A,33,04
6491,0x195B,33,C3
6492,0x195C,37,34
6493,0x195D,22,45
6495,0x195F,23,42
6496,0x1960,00,44
6497,0x1961,10,43
6498,0x1962,4D,00
6499,0x1963,61,10
6500,0x1964,74,53
6502,0x1966,20,65
6503,0x1967,53,76
6504,0x1968,63,65
6505,0x1969,68,20
6506,0x196A,6E,43
6507,0x196B,65,68
6509,0x196D,64,61
6510,0x196E,65,73
6511,0x196F,72,73
6512,0x1970,27,6F
6513,0x1971,73,6E
6514,0x1972,43,03
6515,0x1973,33,94
6517,0x1975,42,44
6518,0x1976,42,36
6519,0x1977,43,41
6520,0x1978,00,42
6521,0x1979,0C,34
6522,0x197A,54,00
6523,0x197B,6F,12
6524,0x197C,64,4C
6525,0x197D,64,75
6526,0x197E,20,6B
6527,0x197F,47,65
6528,0x1980,69,20
6529,0x1981,6C,52
6530,0x1982,6C,69
6531,0x1983,00,63
6532,0x1984,23,68
6533,0x1985,63,61
6534,0x1986,33,72
6535,0x1987,32,64
6536,0x1988,44,73
6537,0x1989,22,6F
6538,0x198A,41,6E
6539,0x198B,23,00
6540,0x198C,00,22
6541,0x198D,12,B3
6542,0x198E,42,31
6543,0x198F,72,32
6544,0x1990,79,46
6545,0x1991,61,30
6546,0x1992,6E,24
6547,0x1993,20,34
6548,0x1994,4D,00
6549,0x1995,61,10
6550,0x1996,72,47
6551,0x1997,63,61
6552,0x1998,68,72
6553,0x1999,6D,74
6554,0x199A,65,68
6555,0x199B,6E,20
6556,0x199C,74,42
6557,0x199D,00,75
6558,0x199E,02,74
6559,0x199F,83,63
6560,0x19A0,32,68
6561,0x19A1,42,65
6562,0x19A2,46,72
6563,0x19A3,21,00
6564,0x19A4,32,05
6565,0x19A5,15,92
6566,0x19A6,00,32
6567,0x19A7,02,42
6568,0x19A8,00,47
6569,0x19A9,0A,31
6570,0x19AA,48,44
6571,0x19AB,61,34
6572,0x19AC,72,00
6573,0x19AD,74,02
6574,0x19AE,66,00
6575,0x19AF,6F,0A
6576,0x19B0,72,45
6578,0x19B2,00,6D
6579,0x19B3,06,6F
6580,0x19B4,48,6E
6581,0x19B5,46,74
6582,0x19B6,44,6F
6583,0x19B7,00,6E
6585,0x19B9,0A,06
6586,0x19BA,57,45
6587,0x19BB,68,44
6588,0x19BC,61,4D
6589,0x19BD,6C,00
6590,0x19BE,65,00
6591,0x19BF,72,08
6592,0x19C0,73,4F
6593,0x19C1,00,69
6594,0x19C2,00,6C
6595,0x19C3,18,65
6596,0x19C4,48,72
6597,0x19C5,61,73
6598,0x19C6,72,00
6599,0x19C7,74,0E
6600,0x19C8,66,52
6602,0x19CA,72,67
6603,0x19CB,64,65
6604,0x19CC,20,72
6605,0x19CD,43,73
6606,0x19CE,69,20
6607,0x19CF,76,50
6608,0x19D0,69,6C
6609,0x19D1,63,61
6610,0x19D2,20,63
6611,0x19D3,43,65
6612,0x19D4,65,01
6613,0x19D5,6E,FE
6614,0x19D6,74,00
6615,0x19D7,65,0C
6616,0x19D8,72,03
6617,0x19D9,00,0C
6618,0x19DA,01,00
6619,0x19DB,60,52
6621,0x19DD,0C,4C
6622,0x19DE,02,00
6623,0x19DF,74,50
6624,0x19E0,00,0E
6625,0x19E1,52,E8
6626,0x19E2,00,0C
6627,0x19E3,4C,CC
6629,0x19E5,50,00
6630,0x19E6,0E,00
6631,0x19E7,EA,00
6632,0x19E8,0C,00
6633,0x19E9,CC,00
6634,0x19EA,00,02
6635,0x19EB,00,22
6636,0x19EC,00,08
6637,0x19ED,08,8C
6638,0x19EE,02,06
6639,0x19EF,2A,6A
6640,0x19F0,02,00
6641,0x19F1,2E,00
6642,0x19F2,08,02
6643,0x19F3,8C,22
6644,0x19F4,06,00
6645,0x19F5,6A,9D
6646,0x19F6,02,0C
6647,0x19F7,2E,CC
6648,0x19F8,00,0E
6649,0x19F9,CE,EE
6650,0x19FA,02,0A
6651,0x19FB,2E,AA
6652,0x19FC,0C,04
6653,0x19FD,CC,8C
6654,0x19FE,0E,0A
6655,0x19FF,EE,84
6656,0x1A00,0A,0E
6657,0x1A01,AA,E8
6658,0x1A02,04,0C
6659,0x1A03,8C,CC
6660,0x1A04,0A,00
6661,0x1A05,84,00
6662,0x1A06,0E,00
6663,0x1A07,EA,00
6664,0x1A08,0C,00
6665,0x1A09,CC,00
6666,0x1A0A,00,02
6667,0x1A0B,00,22
6668,0x1A0C,00,08
6669,0x1A0D,08,8C
6670,0x1A0E,02,06
6671,0x1A0F,2A,6A
6672,0x1A10,02,00
6673,0x1A11,2E,9D
6674,0x1A12,08,02
6675,0x1A13,8C,BF
6676,0x1A14,06,00
6677,0x1A15,6A,00
6678,0x1A16,02,00
6679,0x1A17,2E,00
6680,0x1A18,00,02
6681,0x1A19,CE,22
6682,0x1A1A,08,00
6683,0x1A1B,20,00
6684,0x1A1C,06,04
6685,0x1A1D,20,8C
6686,0x1A1E,08,0A
6687,0x1A1F,20,84
6688,0x1A20,0A,43
6689,0x1A21,20,00
6690,0x1A22,04,10
6691,0x1A23,8C,64
6692,0x1A24,0A,11
6693,0x1A25,84,00
6694,0x1A26,43,01
6695,0x1A27,00,09
6696,0x1A28,10,0A
6697,0x1A29,64,03
6698,0x1A2A,11,04
6699,0x1A2B,00,05
6700,0x1A2C,01,06
6701,0x1A2D,0A,00
6702,0x1A2E,09,01
6703,0x1A2F,03,09
6704,0x1A30,04,0A
6705,0x1A31,05,03
6706,0x1A32,06,04
6707,0x1A33,00,05
6708,0x1A34,01,06
6709,0x1A35,0A,00
6710,0x1A36,09,01
6711,0x1A37,03,09
6712,0x1A38,04,0A
6713,0x1A39,05,03
6714,0x1A3A,06,04
6715,0x1A3B,00,05
6716,0x1A3C,01,06
6717,0x1A3D,0B,00
6718,0x1A3E,09,01
6719,0x1A3F,03,09
6720,0x1A40,04,0A
6721,0x1A41,06,03
6722,0x1A42,07,04
6723,0x1A43,00,05
6724,0x1A44,01,06
6725,0x1A45,0C,00
6726,0x1A46,0B,01
6727,0x1A47,03,09
6728,0x1A48,04,0A
6729,0x1A49,07,03
6730,0x1A4A,08,04
6731,0x1A4B,00,05
6732,0x1A4C,01,06
6733,0x1A4D,0A,00
6734,0x1A4E,09,01
6735,0x1A4F,03,09
6736,0x1A50,04,0A
6737,0x1A51,05,03
6738,0x1A52,06,04
6739,0x1A53,00,05
6740,0x1A54,01,06
6741,0x1A55,0A,00
6742,0x1A56,09,01
6743,0x1A57,03,09
6744,0x1A58,04,0A
6745,0x1A59,05,03
6746,0x1A5A,06,04
6747,0x1A5B,00,05
6748,0x1A5C,01,06
6749,0x1A5D,0A,00
6750,0x1A5E,09,01
6751,0x1A5F,03,09
6752,0x1A60,04,0A
6753,0x1A61,05,03
6754,0x1A62,06,04
6755,0x1A63,00,05
6756,0x1A64,01,06
6757,0x1A65,0A,00
7122,0x1BD2,29,00
7123,0x1BD3,94,0E
7124,0x1BD4,33,4D
7125,0x1BD5,43,69
7126,0x1BD6,30,6B
7127,0x1BD7,44,65
7128,0x1BD8,32,20
7129,0x1BD9,41,52
7130,0x1BDA,00,69
7131,0x1BDB,0C,63
7132,0x1BDC,55,68
7133,0x1BDD,6C,74
7134,0x1BDE,66,65
7135,0x1BDF,20,72
7136,0x1BE0,44,35
7137,0x1BE1,61,74
7138,0x1BE2,68,44
7139,0x1BE3,6C,54
7140,0x1BE4,65,00
7141,0x1BE5,6E,00
7142,0x1BE6,22,44
7143,0x1BE7,83,44
7144,0x1BE8,44,00
7145,0x1BE9,33,0C
7146,0x1BEA,20,4A
7147,0x1BEB,44,69
7148,0x1BEC,43,6D
7149,0x1BED,30,20
7150,0x1BEE,00,57
7151,0x1BEF,0E,61
7152,0x1BF0,50,69
7153,0x1BF1,65,74
7154,0x1BF2,74,65
7155,0x1BF3,72,00
7156,0x1BF4,20,29
7157,0x1BF5,53,64
7158,0x1BF6,76,33
7159,0x1BF7,6F,43
7160,0x1BF8,62,00
7161,0x1BF9,6F,00
7162,0x1BFA,64,22
7163,0x1BFB,61,33
7164,0x1BFC,07,00
7165,0x1BFD,54,12
7166,0x1BFE,43,53
7167,0x1BFF,43,74
7168,0x1C00,36,65
7169,0x1C01,40,70
7170,0x1C02,40,68
7171,0x1C03,33,61
7172,0x1C04,00,6E
7173,0x1C05,10,65
7174,0x1C06,47,20
7175,0x1C07,65,52
7176,0x1C08,72,69
7177,0x1C09,61,63
7178,0x1C0A,6C,68
7179,0x1C0B,64,65
7180,0x1C0C,20,72
7181,0x1C0D,44,00
7182,0x1C0E,69,44
7183,0x1C0F,64,94
7184,0x1C10,75,44
7185,0x1C11,63,35
7186,0x1C12,6B,21
7187,0x1C13,00,43
7188,0x1C14,04,44
7189,0x1C15,A3,32
7190,0x1C16,32,00
7191,0x1C17,34,0E
7192,0x1C18,47,57
7193,0x1C19,31,65
7194,0x1C1A,34,6E
7195,0x1C1B,34,64
7196,0x1C1C,00,65
7197,0x1C1D,12,6C
7198,0x1C1E,52,20
7199,0x1C1F,69,43
7200,0x1C20,63,6C
7201,0x1C21,68,61
7202,0x1C22,61,72
7203,0x1C23,72,6B
7204,0x1C24,64,17
7205,0x1C25,20,83
7206,0x1C26,53,33
7207,0x1C27,6D,35
7208,0x1C28,65,46
7209,0x1C29,68,43
7210,0x1C2A,6C,43
7211,0x1C2B,69,44
7212,0x1C2C,6B,00
7213,0x1C2D,00,0C
7215,0x1C2F,A3,6F
7216,0x1C30,33,62
7217,0x1C31,43,20
7218,0x1C32,44,42
7219,0x1C33,31,61
7220,0x1C34,30,73
7221,0x1C35,32,73
7222,0x1C36,00,65
7223,0x1C37,0E,6E
7224,0x1C38,54,28
7225,0x1C39,6F,43
7226,0x1C3A,6D,42
7227,0x1C3B,20,22
7228,0x1C3C,50,48
7229,0x1C3D,65,33
7230,0x1C3E,64,23
7231,0x1C3F,65,23
7232,0x1C40,72,00
7233,0x1C41,73,12
7234,0x1C42,6F,42
7235,0x1C43,6E,72
7236,0x1C44,41,65
7237,0x1C45,41,6E
7238,0x1C46,23,64
7239,0x1C47,22,61
7240,0x1C48,25,6E
7241,0x1C49,22,20
7242,0x1C4A,24,53
7243,0x1C4B,32,68
7244,0x1C4C,00,61
7245,0x1C4D,02,6E
7246,0x1C4E,00,61
7247,0x1C4F,0C,68
7248,0x1C50,48,61
7249,0x1C51,65,6E
7250,0x1C52,6C,19
7251,0x1C53,73,A3
7252,0x1C54,69,35
7253,0x1C55,6E,44
7254,0x1C56,67,27
7255,0x1C57,69,45
7256,0x1C58,6E,42
7257,0x1C59,00,44
7259,0x1C5B,06,0E
7260,0x1C5C,48,4A
7261,0x1C5D,45,6F
7262,0x1C5E,4C,68
7263,0x1C5F,00,6E
7264,0x1C60,00,20
7265,0x1C61,0A,43
7266,0x1C62,4A,75
7267,0x1C63,6F,6C
7268,0x1C64,6B,6C
7270,0x1C66,72,6E
7271,0x1C67,69,00
7272,0x1C68,74,09
7273,0x1C69,00,74
7274,0x1C6A,00,34
7275,0x1C6B,10,33
7276,0x1C6C,48,23
7277,0x1C6D,61,44
7278,0x1C6E,72,41
7279,0x1C6F,74,43
7280,0x1C70,77,00
7281,0x1C71,61,0E
7282,0x1C72,6C,4B
7283,0x1C73,6C,65
7284,0x1C74,20,76
7285,0x1C75,41,69
7286,0x1C76,72,6E
7287,0x1C77,65,20
7288,0x1C78,6E,4D
7289,0x1C79,61,69
7290,0x1C7A,01,6C
7291,0x1C7B,54,6C
7292,0x1C7C,00,65
7293,0x1C7D,0C,72
7294,0x1C7E,02,14
7295,0x1C7F,66,74
7296,0x1C80,00,33
7297,0x1C81,52,43
7298,0x1C82,00,37
7299,0x1C83,4C,33
7300,0x1C84,00,43
7301,0x1C85,50,33
7302,0x1C86,0E,00
7303,0x1C87,E8,0E
7304,0x1C88,0C,50
7305,0x1C89,CC,68
7306,0x1C8A,00,69
7307,0x1C8B,00,6C
7308,0x1C8C,00,20
7309,0x1C8D,06,48
7310,0x1C8E,00,6F
7311,0x1C8F,08,75
7312,0x1C90,00,73
7313,0x1C91,0A,6C
7314,0x1C92,08,65
7315,0x1C93,8C,79
7317,0x1C95,6A,66
7318,0x1C96,02,54
7319,0x1C97,02,33
7320,0x1C98,02,24
7321,0x1C99,22,62
7322,0x1C9A,00,40
7323,0x1C9B,0A,62
7324,0x1C9C,0C,00
7325,0x1C9D,CC,10
7326,0x1C9E,0E,43
7327,0x1C9F,EE,68
7328,0x1CA0,0A,72
7329,0x1CA1,AA,69
7330,0x1CA2,04,73
7331,0x1CA3,8C,20
7332,0x1CA4,0A,43
7333,0x1CA5,84,68
7334,0x1CA6,0E,65
7335,0x1CA7,E8,6C
7336,0x1CA8,0C,69
7337,0x1CA9,CC,6F
7338,0x1CAA,00,73
7340,0x1CAC,00,07
7341,0x1CAD,00,74
7342,0x1CAE,00,44
7343,0x1CAF,00,65
7344,0x1CB0,02,47
7345,0x1CB1,22,51
7346,0x1CB2,08,62
7347,0x1CB3,8C,45
7348,0x1CB4,06,00
7349,0x1CB5,6A,0E
7350,0x1CB6,0C,47
7351,0x1CB7,CC,65
7352,0x1CB8,0E,6F
7353,0x1CB9,EE,66
7354,0x1CBA,00,66
7355,0x1CBB,0E,20
7356,0x1CBC,00,53
7357,0x1CBD,00,6D
7358,0x1CBE,02,69
7359,0x1CBF,22,74
7360,0x1CC0,00,68
7362,0x1CC2,04,25
7363,0x1CC3,8C,94
7364,0x1CC4,0A,32
7365,0x1CC5,84,31
7366,0x1CC6,43,14
7367,0x1CC7,00,31
7368,0x1CC8,10,32
7369,0x1CC9,64,31
7370,0x1CCA,11,00
7371,0x1CCB,00,0C
7372,0x1CCC,01,41
7373,0x1CCD,09,64
7374,0x1CCE,0B,61
7375,0x1CCF,03,6D
7376,0x1CD0,05,20
7377,0x1CD1,06,46
7378,0x1CD2,04,6F
7379,0x1CD3,00,6F
7380,0x1CD4,01,74
7381,0x1CD5,09,65
7382,0x1CD6,0B,52
7383,0x1CD7,03,62
7384,0x1CD8,05,22
7385,0x1CD9,06,41
7386,0x1CDA,04,33
7387,0x1CDB,00,21
7388,0x1CDC,01,32
7389,0x1CDD,0A,24
7390,0x1CDE,0B,00
7391,0x1CDF,03,02
7392,0x1CE0,05,00
7393,0x1CE1,04,0A
7394,0x1CE2,07,48
7395,0x1CE3,00,61
7396,0x1CE4,01,6D
7397,0x1CE5,0C,69
7398,0x1CE6,0A,6C
7399,0x1CE7,03,74
7400,0x1CE8,05,6F
7401,0x1CE9,07,6E
7402,0x1CEA,08,00
7403,0x1CEB,00,06
7404,0x1CEC,01,48
7405,0x1CED,09,41
7406,0x1CEE,0B,4D
7407,0x1CEF,03,00
7408,0x1CF0,05,00
7409,0x1CF1,06,08
7410,0x1CF2,04,54
7411,0x1CF3,00,69
7412,0x1CF4,01,67
7413,0x1CF5,09,65
7414,0x1CF6,0B,72
7415,0x1CF7,03,73
7416,0x1CF8,05,00
7417,0x1CF9,06,16
7418,0x1CFA,04,42
7419,0x1CFB,00,61
7420,0x1CFC,01,72
7421,0x1CFD,09,74
7422,0x1CFE,0B,6F
7423,0x1CFF,03,6E
7424,0x1D00,05,20
7425,0x1D01,06,53
7426,0x1D02,04,74
7427,0x1D03,00,72
7428,0x1D04,01,65
7429,0x1D05,09,65
7430,0x1D06,0B,74
7431,0x1D07,03,20
7432,0x1D08,05,41
7433,0x1D09,06,72
7434,0x1D0A,04,65
7435,0x1D0B,00,6E
7932,0x1EFC,73,00
7933,0x1EFD,00,0E
7934,0x1EFE,00,4D
7935,0x1EFF,10,69
7936,0x1F00,4F,6B
7937,0x1F01,72,65
7938,0x1F02,6C,20
7939,0x1F03,65,56
7940,0x1F04,61,65
7941,0x1F05,6E,72
7942,0x1F06,73,6E
7943,0x1F07,20,6F
7944,0x1F08,41,6E
7945,0x1F09,72,00
7946,0x1F0A,65,30
7947,0x1F0B,6E,44
7948,0x1F0C,61,44
7949,0x1F0D,00,55
7950,0x1F0E,01,00
7951,0x1F0F,64,00
7952,0x1F10,00,44
7953,0x1F11,0C,33
7954,0x1F12,02,00
7955,0x1F13,70,12
7956,0x1F14,00,43
7957,0x1F15,52,72
7958,0x1F16,00,61
7959,0x1F17,4C,69
7960,0x1F18,00,67
7961,0x1F19,50,20
7962,0x1F1A,0E,42
7963,0x1F1B,EA,69
7964,0x1F1C,0E,6C
7965,0x1F1D,EE,6C
7966,0x1F1E,00,69
7967,0x1F1F,00,6E
7968,0x1F20,02,67
7969,0x1F21,00,74
7970,0x1F22,04,6F
7971,0x1F23,00,6E
7972,0x1F24,04,01
7973,0x1F25,20,44
7974,0x1F26,08,42
7975,0x1F27,8C,32
7976,0x1F28,06,00
7977,0x1F29,6A,00
7978,0x1F2A,00,22
7979,0x1F2B,AA,22
7981,0x1F2D,AE,0E
7982,0x1F2E,04,44
7983,0x1F2F,20,6F
7984,0x1F30,0C,75
7985,0x1F31,CC,67
7986,0x1F32,0E,20
7987,0x1F33,EE,47
7988,0x1F34,0A,69
7989,0x1F35,AA,6C
7990,0x1F36,04,6D
7991,0x1F37,8C,6F
7992,0x1F38,0A,75
7993,0x1F39,A6,72
7994,0x1F3A,0E,93
7995,0x1F3B,EA,45
7996,0x1F3C,06,45
7997,0x1F3D,66,54
7998,0x1F3E,00,44
7999,0x1F3F,00,44
8000,0x1F40,02,60
8001,0x1F41,00,43
8002,0x1F42,04,00
8003,0x1F43,00,12
8004,0x1F44,04,41
8005,0x1F45,20,6E
8006,0x1F46,08,64
8007,0x1F47,8C,72
8008,0x1F48,06,65
8009,0x1F49,6A,69
8010,0x1F4A,0C,20
8011,0x1F4B,CC,4B
8012,0x1F4C,0E,6F
8013,0x1F4D,EE,76
8014,0x1F4E,00,61
8015,0x1F4F,AE,6C
8016,0x1F50,00,65
8017,0x1F51,8C,6E
8018,0x1F52,00,6B
8019,0x1F53,CE,6F
8020,0x1F54,00,51
8021,0x1F55,AE,33
8022,0x1F56,04,44
8023,0x1F57,8C,33
8024,0x1F58,0A,34
8025,0x1F59,A6,34
8026,0x1F5A,43,41
8027,0x1F5B,00,32
8028,0x1F5C,10,00
8029,0x1F5D,64,0E
8030,0x1F5E,11,54
8031,0x1F5F,00,6F
8032,0x1F60,01,6E
8033,0x1F61,09,79
8034,0x1F62,0A,20
8035,0x1F63,04,47
8036,0x1F64,03,72
8037,0x1F65,05,61
8038,0x1F66,06,6E
8039,0x1F67,00,61
8040,0x1F68,01,74
8041,0x1F69,09,6F
8042,0x1F6A,0A,21
8043,0x1F6B,04,64
8044,0x1F6C,03,54
8045,0x1F6D,05,43
8046,0x1F6E,06,33
8047,0x1F6F,00,34
8048,0x1F70,01,33
8049,0x1F71,0B,34
8050,0x1F72,0A,00
8051,0x1F73,04,0E
8052,0x1F74,03,4D
8053,0x1F75,06,69
8054,0x1F76,07,6B
8055,0x1F77,00,65
8056,0x1F78,01,20
8057,0x1F79,0C,52
8058,0x1F7A,0B,69
8059,0x1F7B,04,64
8060,0x1F7C,03,6C
8061,0x1F7D,07,65
8062,0x1F7E,08,79
8064,0x1F80,01,17
8065,0x1F81,09,94
8066,0x1F82,0A,44
8067,0x1F83,04,33
8068,0x1F84,03,20
8069,0x1F85,05,44
8070,0x1F86,06,40
8071,0x1F87,00,42
8072,0x1F88,01,00
8073,0x1F89,09,0E
8074,0x1F8A,0A,44
8075,0x1F8B,04,61
8076,0x1F8C,03,76
8077,0x1F8D,05,65
8078,0x1F8E,06,20
8079,0x1F8F,00,50
8080,0x1F90,01,6F
8081,0x1F91,09,75
8082,0x1F92,0A,6C
8083,0x1F93,04,69
8084,0x1F94,03,6E
8085,0x1F95,05,00
8086,0x1F96,06,19
8087,0x1F97,00,74
8088,0x1F98,01,33
8089,0x1F99,09,43
8090,0x1F9A,0A,44
8091,0x1F9B,04,33
8092,0x1F9C,03,41
8093,0x1F9D,05,42
8094,0x1F9E,06,00
8095,0x1F9F,00,10
8306,0x2072,00,0A
8307,0x2073,0E,AA
8308,0x2074,42,04
8309,0x2075,69,8C
8310,0x2076,6C,0A
8311,0x2077,6C,84
8312,0x2078,20,0E
8313,0x2079,52,EA
8314,0x207A,61,0C
8315,0x207B,6E,CC
8316,0x207C,66,00
8317,0x207D,6F,00
8318,0x207E,72,00
8319,0x207F,64,08
8320,0x2080,30,02
8321,0x2081,45,2A
8322,0x2082,33,02
8323,0x2083,45,2E
8324,0x2084,00,08
8325,0x2085,00,8C
8326,0x2086,44,06
8327,0x2087,54,6A
8328,0x2088,00,02
8329,0x2089,12,2E
8330,0x208A,50,00
8331,0x208B,65,CE
8332,0x208C,74,08
8333,0x208D,65,20
8334,0x208E,72,06
8336,0x2090,53,08
8337,0x2091,69,20
8338,0x2092,64,0A
8339,0x2093,6F,20
8340,0x2094,72,04
8341,0x2095,6B,8C
8342,0x2096,77,0A
8343,0x2097,69,84
8344,0x2098,63,43
8345,0x2099,7A,00
8346,0x209A,31,10
8347,0x209B,63,64
8348,0x209C,31,11
8349,0x209D,23,00
8350,0x209E,00,01
8351,0x209F,00,09
8352,0x20A0,22,0A
8353,0x20A1,22,03
8354,0x20A2,00,04
8355,0x20A3,0C,05
8356,0x20A4,50,06
8357,0x20A5,65,00
8358,0x20A6,74,01
8359,0x20A7,72,09
8360,0x20A8,20,0A
8361,0x20A9,4B,03
8362,0x20AA,6C,04
8363,0x20AB,69,05
8364,0x20AC,6D,06
8365,0x20AD,61,00
8366,0x20AE,85,01
8367,0x20AF,75,09
8368,0x20B0,53,0A
8369,0x20B1,24,03
8370,0x20B2,13,04
8371,0x20B3,55,05
8372,0x20B4,45,06
8373,0x20B5,33,00
8374,0x20B6,00,01
8375,0x20B7,14,09
8376,0x20B8,56,0A
8377,0x20B9,69,03
8378,0x20BA,6E,04
8379,0x20BB,63,05
8380,0x20BC,65,06
8381,0x20BD,6E,00
8382,0x20BE,74,01
8383,0x20BF,20,09
8384,0x20C0,44,0A
8385,0x20C1,61,03
8386,0x20C2,6D,04
8387,0x20C3,70,05
8388,0x20C4,68,06
8389,0x20C5,6F,00
8390,0x20C6,75,01
8391,0x20C7,73,09
8392,0x20C8,73,0A
8393,0x20C9,65,03
8394,0x20CA,25,04
8395,0x20CB,64,05
8396,0x20CC,44,06
8397,0x20CD,33,00
8398,0x20CE,20,01
8399,0x20CF,53,09
8400,0x20D0,42,0A
8401,0x20D1,43,03
8402,0x20D2,00,04
8403,0x20D3,0E,05
8404,0x20D4,45,06
8405,0x20D5,72,00
8406,0x20D6,69,01
8407,0x20D7,63,09
8408,0x20D8,20,0A
8409,0x20D9,4C,03
8410,0x20DA,69,04
8411,0x20DB,6E,05
8412,0x20DC,64,06
8413,0x20DD,72,00
8966,0x2306,00,07
8967,0x2307,0C,54
8968,0x2308,47,43
8969,0x2309,72,43
8970,0x230A,61,36
8971,0x230B,6E,40
8972,0x230C,74,40
8973,0x230D,20,33
8974,0x230E,46,00
8975,0x230F,75,10
8976,0x2310,68,47
8977,0x2311,72,65
8978,0x2312,31,72
8979,0x2313,76,61
8980,0x2314,45,6C
8981,0x2315,55,64
8982,0x2316,01,20
8983,0x2317,00,44
8984,0x2318,44,69
8985,0x2319,55,64
8986,0x231A,00,75
8987,0x231B,10,63
8988,0x231C,4A,6B
8989,0x231D,2E,00
8990,0x231E,43,04
8991,0x231F,2E,A3
8992,0x2320,20,32
8993,0x2321,42,34
8994,0x2322,65,47
8995,0x2323,72,31
8996,0x2324,67,34
8997,0x2325,65,34
8998,0x2326,72,00
8999,0x2327,6F,12
9000,0x2328,6E,52
9001,0x2329,00,69
9002,0x232A,30,63
9003,0x232B,73,68
9004,0x232C,32,61
9005,0x232D,33,72
9006,0x232E,00,64
9007,0x232F,00,20
9008,0x2330,11,53
9009,0x2331,11,6D
9010,0x2332,00,65
9011,0x2333,10,68
9012,0x2334,57,6C
9013,0x2335,61,69
9014,0x2336,79,6B
9015,0x2337,6E,00
9016,0x2338,65,42
9017,0x2339,20,A3
9018,0x233A,47,33
9019,0x233B,72,43
9020,0x233C,65,44
9021,0x233D,74,31
9022,0x233E,7A,30
9023,0x233F,6B,32
9024,0x2340,79,00
9025,0x2341,00,0E
9026,0x2342,99,54
9027,0x2343,46,6F
9028,0x2344,45,6D
9029,0x2345,42,20
9030,0x2346,22,50
9031,0x2347,62,65
9032,0x2348,60,64
9033,0x2349,60,65
9034,0x234A,00,72
9035,0x234B,12,73
9036,0x234C,47,6F
9037,0x234D,65,6E
9038,0x234E,6F,41
9039,0x234F,66,41
9040,0x2350,66,23
9041,0x2351,20,22
9042,0x2352,43,25
9043,0x2353,6F,22
9044,0x2354,75,24
9045,0x2355,72,32
9046,0x2356,74,00
9047,0x2357,6E,02
9048,0x2358,61,00
9049,0x2359,6C,0C
9050,0x235A,6C,48
9051,0x235B,00,65
9052,0x235C,14,6C
9053,0x235D,75,73
9054,0x235E,54,69
9055,0x235F,33,6E
9056,0x2360,14,67
9057,0x2361,43,69
9058,0x2362,32,6E
9059,0x2363,44,00
9061,0x2365,12,06
9062,0x2366,47,48
9063,0x2367,65,45
9064,0x2368,6F,4C
9065,0x2369,66,00
9066,0x236A,66,00
9067,0x236B,20,0A
9068,0x236C,53,4A
9069,0x236D,61,6F
9070,0x236E,6E,6B
9071,0x236F,64,65
9072,0x2370,65,72
9073,0x2371,72,69
9074,0x2372,73,74
9075,0x2373,6F,00
9076,0x2374,6E,00
9077,0x2375,00,10
9078,0x2376,08,48
9079,0x2377,64,61
9080,0x2378,44,72
9081,0x2379,34,74
9082,0x237A,20,77
9083,0x237B,44,61
9084,0x237C,43,6C
9085,0x237D,31,6C
9086,0x237E,00,20
9087,0x237F,10,41
9088,0x2380,47,72
9089,0x2381,6C,65
9090,0x2382,65,6E
9091,0x2383,6E,61
9092,0x2384,6E,01
9093,0x2385,20,FA
9094,0x2386,41,00
9095,0x2387,6E,0C
9096,0x2388,64,03
9097,0x2389,65,0C
9098,0x238A,72,00
9099,0x238B,73,52
9100,0x238C,6F,00
9101,0x238D,6E,4C
9102,0x238E,09,00
9103,0x238F,74,50
9104,0x2390,44,0E
9105,0x2391,33,E8
9106,0x2392,26,0C
9107,0x2393,43,CC
9108,0x2394,41,00
9109,0x2395,43,00
9111,0x2397,0E,06
9112,0x2398,52,00
9113,0x2399,61,08
9114,0x239A,79,00
9115,0x239B,20,0A
9116,0x239C,46,08
9117,0x239D,65,8C
9118,0x239E,72,06
9119,0x239F,72,6A
9120,0x23A0,61,02
9121,0x23A1,72,02
9122,0x23A2,6F,02
9123,0x23A3,00,22
9124,0x23A4,21,00
9125,0x23A5,63,0A
9126,0x23A6,33,0C
9127,0x23A7,34,CC
9128,0x23A8,26,0E
9129,0x23A9,43,EE
9130,0x23AA,43,0A
9131,0x23AB,33,AA
9132,0x23AC,00,04
9133,0x23AD,12,8C
9134,0x23AE,56,0A
9135,0x23AF,61,84
9136,0x23B0,63,0E
9137,0x23B1,68,E8
9138,0x23B2,73,0C
9139,0x23B3,6C,CC
9140,0x23B4,61,00
9141,0x23B5,76,00
9142,0x23B6,20,00
9143,0x23B7,4B,00
9144,0x23B8,6F,00
9145,0x23B9,7A,00
9146,0x23BA,6C,02
9147,0x23BB,6F,22
9148,0x23BC,76,08
9149,0x23BD,00,8C
9150,0x23BE,13,06
9151,0x23BF,54,6A
9152,0x23C0,32,0C
9153,0x23C1,23,CC
9154,0x23C2,12,0E
9155,0x23C3,33,EE
9156,0x23C4,35,00
9157,0x23C5,33,0E
9159,0x23C7,0E,00
9160,0x23C8,44,02
9161,0x23C9,6F,22
9162,0x23CA,75,00
9163,0x23CB,67,00
9164,0x23CC,20,04
9165,0x23CD,57,8C
9166,0x23CE,69,0A
9167,0x23CF,6C,84
9168,0x23D0,73,43
9169,0x23D1,6F,00
9170,0x23D2,6E,10
9171,0x23D3,00,64
9172,0x23D4,24,11
9173,0x23D5,74,00
9174,0x23D6,33,01
9175,0x23D7,36,09
9176,0x23D8,36,0A
9177,0x23D9,41,03
9178,0x23DA,33,04
9179,0x23DB,43,05
9180,0x23DC,00,06
9181,0x23DD,12,00
9182,0x23DE,52,01
9183,0x23DF,6F,09
9184,0x23E0,67,0A
9185,0x23E1,65,03
9186,0x23E2,72,04
9187,0x23E3,20,05
9188,0x23E4,4A,06
9189,0x23E5,6F,00
9190,0x23E6,68,01
9191,0x23E7,61,09
9192,0x23E8,6E,0A
9193,0x23E9,73,03
9194,0x23EA,73,04
9195,0x23EB,6F,05
9196,0x23EC,6E,06
9198,0x23EE,34,01
9199,0x23EF,74,09
9200,0x23F0,32,0A
9201,0x23F1,22,03
9202,0x23F2,34,04
9203,0x23F3,31,05
9204,0x23F4,23,06
9205,0x23F5,32,00
9206,0x23F6,00,01
9207,0x23F7,0E,09
9208,0x23F8,47,0A
9209,0x23F9,72,03
9210,0x23FA,65,04
9211,0x23FB,67,05
9212,0x23FC,20,06
9213,0x23FD,48,00
9214,0x23FE,61,01
9215,0x23FF,77,09
9216,0x2400,67,0A
9217,0x2401,6F,03
9218,0x2402,6F,04
9219,0x2403,64,05
9220,0x2404,20,06
9221,0x2405,74,00
9222,0x2406,33,01
9223,0x2407,33,09
9224,0x2408,24,0A
9225,0x2409,32,03
9226,0x240A,31,04
9227,0x240B,33,05
9228,0x240C,00,06
9229,0x240D,0E,00
9230,0x240E,4A,01
9231,0x240F,65,09
9232,0x2410,66,0A
9233,0x2411,66,03
9234,0x2412,20,04
9235,0x2413,4E,05
9236,0x2414,6F,06
9237,0x2415,72,00
9624,0x2598,00,65
9625,0x2599,12,6E
9626,0x259A,4A,6E
9627,0x259B,6F,20
9628,0x259C,68,48
9629,0x259D,6E,65
9630,0x259E,20,61
9631,0x259F,56,6C
9632,0x25A0,61,79
9633,0x25A1,6E,00
9634,0x25A2,62,35
9635,0x25A3,69,53
9636,0x25A4,65,44
9637,0x25A5,73,53
9638,0x25A6,62,00
9639,0x25A7,72,00
9640,0x25A8,6B,22
9641,0x25A9,00,22
9642,0x25AA,34,00
9643,0x25AB,54,12
9644,0x25AC,45,44
9645,0x25AD,64,69
9646,0x25AE,00,6E
9647,0x25AF,00,6F
9648,0x25B0,34,20
9649,0x25B1,34,43
9650,0x25B2,00,69
9651,0x25B3,0E,63
9652,0x25B4,52,63
9653,0x25B5,6F,61
9654,0x25B6,6E,72
9655,0x25B7,20,65
9656,0x25B8,54,6C
9657,0x25B9,75,6C
9658,0x25BA,67,69
9659,0x25BB,6E,00
9660,0x25BC,75,22
9661,0x25BD,74,55
9662,0x25BE,74,44
9663,0x25BF,00,25
9664,0x25C0,01,23
9665,0x25C1,23,55
9666,0x25C2,33,41
9667,0x25C3,42,43
9669,0x25C5,00,0E
9670,0x25C6,11,43
9671,0x25C7,12,72
9672,0x25C8,00,61
9673,0x25C9,12,69
9674,0x25CA,41,67
9675,0x25CB,6C,20
9676,0x25CC,65,4A
9677,0x25CD,78,61
9679,0x25CF,64,6E
9681,0x25D1,72,79
9682,0x25D2,20,15
9683,0x25D3,4D,74
9684,0x25D4,6F,35
9685,0x25D5,67,43
9686,0x25D6,69,20
9687,0x25D7,6C,44
9688,0x25D8,6E,40
9689,0x25D9,79,40
9690,0x25DA,89,00
9691,0x25DB,76,10
9692,0x25DC,66,4D
9693,0x25DD,34,61
9694,0x25DE,24,72
9695,0x25DF,55,69
9696,0x25E0,44,6F
9697,0x25E1,52,20
9698,0x25E2,00,4C
9699,0x25E3,10,65
9700,0x25E4,41,6D
9701,0x25E5,6C,69
9703,0x25E7,78,75
9704,0x25E8,65,78
9705,0x25E9,69,00
9706,0x25EA,20,66
9707,0x25EB,5A,A5
9708,0x25EC,68,46
9709,0x25ED,61,44
9710,0x25EE,6D,33
9711,0x25EF,6E,66
9712,0x25F0,6F,60
9713,0x25F1,76,62
9714,0x25F2,10,00
9715,0x25F3,75,0C
9716,0x25F4,34,4A
9717,0x25F5,33,6F
9718,0x25F6,30,65
9719,0x25F7,54,20
9720,0x25F8,41,4D
9721,0x25F9,52,75
9722,0x25FA,00,6C
9723,0x25FB,10,6C
9724,0x25FC,54,65
9725,0x25FD,72,6E
9726,0x25FE,65,07
9727,0x25FF,76,64
9728,0x2600,6F,34
9729,0x2601,72,33
9730,0x2602,20,31
9731,0x2603,4C,45
9732,0x2604,69,42
9733,0x2605,6E,30
9734,0x2606,64,00
9735,0x2607,65,0E
9736,0x2608,6E,44
9737,0x2609,00,6F
9738,0x260A,16,75
9739,0x260B,94,67
9740,0x260C,44,20
9741,0x260D,44,57
9742,0x260E,33,65
9743,0x260F,44,69
9744,0x2610,43,67
9745,0x2611,42,68
9746,0x2612,00,74
9747,0x2613,12,00
9748,0x2614,53,39
9749,0x2615,65,63
9750,0x2616,72,33
9751,0x2617,67,43
9752,0x2618,65,34
9753,0x2619,69,43
9754,0x261A,20,31
9755,0x261B,4E,32
9756,0x261C,65,00
9757,0x261D,6D,10
9758,0x261E,63,4D
9759,0x261F,68,61
9760,0x2620,69,72
9761,0x2621,6E,74
9762,0x2622,6F,69
9763,0x2623,76,6E
9764,0x2624,13,20
9765,0x2625,64,53
9766,0x2626,33,74
9767,0x2627,53,72
9768,0x2628,40,61
9769,0x2629,34,6B
9770,0x262A,52,61
9771,0x262B,32,00
9772,0x262C,00,82
9773,0x262D,10,53
9774,0x262E,4D,33
9775,0x262F,69,22
9776,0x2630,63,22
9777,0x2631,68,22
9778,0x2632,61,20
9779,0x2633,6C,32
9780,0x2634,20,00
9781,0x2635,50,12
9782,0x2636,69,5A
9783,0x2637,76,61
9784,0x2638,6F,72
9785,0x2639,6E,6C
9786,0x263A,6B,65
9787,0x263B,61,79
9789,0x263D,83,5A
9790,0x263E,34,61
9791,0x263F,33,6C
9792,0x2640,34,61
9793,0x2641,43,70
9794,0x2642,40,73
9795,0x2643,43,6B
9796,0x2644,00,69
9797,0x2645,12,00
9798,0x2646,42,03
9799,0x2647,72,A5
9800,0x2648,65,44
9801,0x2649,6E,54
9802,0x264A,74,44
9803,0x264B,20,42
9804,0x264C,47,51
9805,0x264D,69,33
9806,0x264E,6C,00
9807,0x264F,63,0C
9808,0x2650,68,4B
9809,0x2651,72,65
9810,0x2652,69,76
9811,0x2653,73,69
9812,0x2654,74,6E
9813,0x2655,00,20
9814,0x2656,41,4C
9815,0x2657,64,6F
9816,0x2658,32,77
9817,0x2659,23,65
9818,0x265A,20,04
9819,0x265B,42,84
9820,0x265C,25,32
9821,0x265D,32,43
9822,0x265E,00,42
9823,0x265F,0C,41
9824,0x2660,52,31
9825,0x2661,6F,33
9826,0x2662,62,00
9827,0x2663,20,10
9828,0x2664,42,49
9829,0x2665,6C,67
9830,0x2666,61,6F
9831,0x2667,6B,72
9832,0x2668,65,20
9833,0x2669,00,4B
9834,0x266A,04,72
9835,0x266B,B4,61
9836,0x266C,44,76
9837,0x266D,44,63
9838,0x266E,33,68
9839,0x266F,41,75
9840,0x2670,43,6B
9841,0x2671,44,00
9842,0x2672,00,21
9843,0x2673,10,94
9844,0x2674,53,33
9845,0x2675,74,43
9846,0x2676,65,32
9847,0x2677,76,42
9848,0x2678,65,44
9849,0x2679,20,32
9850,0x267A,44,00
9851,0x267B,75,0C
9852,0x267C,63,43
9853,0x267D,68,75
9854,0x267E,65,72
9855,0x267F,73,74
9856,0x2680,6E,20
9857,0x2681,65,47
9858,0x2682,28,69
9859,0x2683,84,6C
9860,0x2684,44,65
9861,0x2685,44,73
9862,0x2686,24,02
9863,0x2687,42,53
9864,0x2688,41,21
9865,0x2689,42,31
9866,0x268A,00,22
9867,0x268B,0E,20
9868,0x268C,4E,33
9869,0x268D,6F,12
9870,0x268E,72,00
9871,0x268F,6D,02
9872,0x2690,20,00
9873,0x2691,4D,0C
9874,0x2692,61,4C
9875,0x2693,63,61
9876,0x2694,69,73
9877,0x2695,76,20
9878,0x2696,65,56
9879,0x2697,72,65
9880,0x2698,22,67
9881,0x2699,63,61
9882,0x269A,34,73
9883,0x269B,43,00
9884,0x269C,30,00
9885,0x269D,22,06
9886,0x269E,41,4C
9887,0x269F,33,56
9888,0x26A0,00,57
9889,0x26A1,0C,00
9890,0x26A2,4A,00
9891,0x26A3,69,0C
9892,0x26A4,72,57
9893,0x26A5,69,72
9894,0x26A6,20,61
9895,0x26A7,53,6E
9896,0x26A8,6C,67
9897,0x26A9,65,6C
9898,0x26AA,67,65
9900,0x26AC,24,73
9901,0x26AD,A3,00
9902,0x26AE,33,00
9903,0x26AF,33,10
9904,0x26B0,26,4F
9905,0x26B1,31,72
9906,0x26B2,41,6C
9907,0x26B3,34,65
9908,0x26B4,00,61
9909,0x26B5,02,6E
9910,0x26B6,00,73
9911,0x26B7,0A,20
9912,0x26B8,4E,41
9913,0x26B9,65,72
9914,0x26BA,77,65
9915,0x26BB,20,6E
9916,0x26BC,59,61
9917,0x26BD,6F,00
9918,0x26BE,72,02
9919,0x26BF,6B,00
9921,0x26C1,06,0C
9922,0x26C2,4E,03
9923,0x26C3,59,0C
9924,0x26C4,52,00
9925,0x26C5,00,52
9927,0x26C7,0A,4C
9928,0x26C8,52,00
9929,0x26C9,61,50
9930,0x26CA,6E,0E
9931,0x26CB,67,EA
9932,0x26CC,65,0E
9933,0x26CD,72,EE
9934,0x26CE,73,00
9936,0x26D0,00,02
9937,0x26D1,18,00
9938,0x26D2,4D,04
9939,0x26D3,61,00
9940,0x26D4,64,04
9941,0x26D5,69,20
9942,0x26D6,73,08
9943,0x26D7,6F,8C
9944,0x26D8,6E,06
9945,0x26D9,20,6A
9946,0x26DA,53,00
9947,0x26DB,71,AA
9948,0x26DC,75,00
9949,0x26DD,61,AE
9950,0x26DE,72,04
9951,0x26DF,65,20
9952,0x26E0,20,0C
9953,0x26E1,47,CC
9954,0x26E2,61,0E
9955,0x26E3,72,EE
9956,0x26E4,64,0A
9957,0x26E5,65,AA
9958,0x26E6,6E,04
9959,0x26E7,00,8C
9960,0x26E8,01,0A
9961,0x26E9,48,A6
9962,0x26EA,00,0E
9963,0x26EB,0C,EA
9964,0x26EC,02,06
9965,0x26ED,62,66
9967,0x26EF,52,00
9968,0x26F0,00,02
9969,0x26F1,4C,00
9970,0x26F2,00,04
9971,0x26F3,50,00
9972,0x26F4,0E,04
9973,0x26F5,E8,20
9974,0x26F6,02,08
9975,0x26F7,22,8C
9976,0x26F8,00,06
9977,0x26F9,00,6A
9978,0x26FA,00,0C
9979,0x26FB,00,CC
9980,0x26FC,02,0E
9981,0x26FD,22,EE
9982,0x26FE,02,00
9983,0x26FF,22,AE
9984,0x2700,08,00
9986,0x2702,06,00
9987,0x2703,6A,CE
9989,0x2705,00,AE
9990,0x2706,00,04
9991,0x2707,00,8C
9992,0x2708,00,0A
9993,0x2709,0A,A6
9994,0x270A,0D,43
9995,0x270B,DD,00
9996,0x270C,0E,10
9997,0x270D,EE,64
9998,0x270E,0B,11
9999,0x270F,BB,00
10000,0x2710,04,01
10001,0x2711,8C,09
10003,0x2713,84,03
10004,0x2714,0E,04
10005,0x2715,E8,05
10006,0x2716,02,06
10007,0x2717,22,00
10008,0x2718,00,01
10009,0x2719,00,09
10010,0x271A,00,0A
10011,0x271B,00,03
10012,0x271C,00,04
10013,0x271D,00,05
10014,0x271E,02,06
10015,0x271F,22,00
10016,0x2720,08,01
10017,0x2721,8C,09
10018,0x2722,06,0A
10019,0x2723,6A,03
10020,0x2724,00,04
10021,0x2725,0A,05
10022,0x2726,00,06
10023,0x2727,0A,00
10024,0x2728,0E,01
10025,0x2729,EE,09
10026,0x272A,02,0A
10027,0x272B,22,03
10028,0x272C,02,04
10029,0x272D,22,05
10030,0x272E,00,06
10032,0x2730,04,01
10033,0x2731,8C,09
10035,0x2733,84,03
10036,0x2734,43,04
10037,0x2735,00,05
10038,0x2736,10,06
10039,0x2737,64,00
10040,0x2738,11,01
10041,0x2739,00,09
10042,0x273A,01,0A
10043,0x273B,09,03
10044,0x273C,0A,04
10046,0x273E,04,06
10047,0x273F,03,00
10048,0x2740,06,01
10049,0x2741,00,09
10050,0x2742,01,0A
10051,0x2743,09,03
10052,0x2744,0A,04
10054,0x2746,04,06
10055,0x2747,03,00
10056,0x2748,06,01
10057,0x2749,00,09
10058,0x274A,01,0A
10059,0x274B,0B,03
10060,0x274C,0A,04
10062,0x274E,04,06
10063,0x274F,06,00
10430,0x28BE,61,00
10431,0x28BF,6E,0E
10432,0x28C0,68,42
10433,0x28C1,65,69
10434,0x28C2,69,6C
10435,0x28C3,6D,6C
10436,0x28C4,28,20
10437,0x28C5,84,52
10438,0x28C6,43,61
10439,0x28C7,43,6E
10440,0x28C8,13,66
10441,0x28C9,43,6F
10442,0x28CA,34,72
10443,0x28CB,31,64
10444,0x28CC,00,30
10445,0x28CD,10,45
10446,0x28CE,41,33
10447,0x28CF,6E,45
10448,0x28D0,64,00
10449,0x28D1,72,00
10450,0x28D2,65,44
10451,0x28D3,69,54
10452,0x28D4,20,00
10453,0x28D5,4C,12
10454,0x28D6,6F,50
10455,0x28D7,6D,65
10456,0x28D8,61,74
10457,0x28D9,6B,65
10458,0x28DA,69,72
10459,0x28DB,6E,20
10460,0x28DC,23,53
10461,0x28DD,74,69
10462,0x28DE,33,64
10463,0x28DF,23,6F
10464,0x28E0,12,72
10465,0x28E1,33,6B
10466,0x28E2,32,77
10467,0x28E3,42,69
10468,0x28E4,00,63
10469,0x28E5,0E,7A
10470,0x28E6,47,31
10471,0x28E7,6C,63
10472,0x28E8,65,31
10473,0x28E9,6E,23
10474,0x28EA,20,00
10475,0x28EB,57,00
10476,0x28EC,65,22
10477,0x28ED,73,22
10478,0x28EE,6C,00
10479,0x28EF,65,0C
10480,0x28F0,79,50
10481,0x28F1,00,65
10482,0x28F2,26,74
10483,0x28F3,85,72
10484,0x28F4,43,20
10485,0x28F5,44,4B
10486,0x28F6,36,6C
10487,0x28F7,41,69
10488,0x28F8,44,6D
10489,0x28F9,42,61
10490,0x28FA,00,85
10491,0x28FB,10,75
10492,0x28FC,45,53
10493,0x28FD,72,24
10494,0x28FE,69,13
10495,0x28FF,63,55
10496,0x2900,20,45
10497,0x2901,57,33
10498,0x2902,65,00
10499,0x2903,69,14
10500,0x2904,6E,56
10501,0x2905,72,69
10502,0x2906,69,6E
10504,0x2908,68,65
10505,0x2909,00,6E
10506,0x290A,04,74
10507,0x290B,A3,20
10508,0x290C,43,44
10509,0x290D,43,61
10510,0x290E,34,6D
10511,0x290F,32,70
10512,0x2910,41,68
10513,0x2911,33,6F
10514,0x2912,00,75
10515,0x2913,14,73
10516,0x2914,43,73
10517,0x2915,75,65
10518,0x2916,72,25
10519,0x2917,74,64
10520,0x2918,69,44
10521,0x2919,73,33
10523,0x291B,4C,53
10524,0x291C,65,42
10525,0x291D,73,43
10526,0x291E,63,00
10527,0x291F,68,0E
10528,0x2920,79,45
10529,0x2921,73,72
10530,0x2922,68,69
10531,0x2923,79,63
10532,0x2924,6E,20
10533,0x2925,00,4C
10534,0x2926,46,69
10535,0x2927,93,6E
10536,0x2928,43,64
10537,0x2929,42,72
10538,0x292A,34,6F
10539,0x292B,23,73
10540,0x292C,40,88
10541,0x292D,32,C4
10542,0x292E,00,34
10543,0x292F,12,44
10544,0x2930,53,59
10545,0x2931,74,46
10546,0x2932,65,52
10547,0x2933,70,44
10548,0x2934,68,00
10549,0x2935,61,0E
10550,0x2936,6E,4B
10551,0x2937,44,65
10552,0x2938,20,76
10553,0x2939,52,69
10554,0x293A,69,6E
10555,0x293B,63,20
10556,0x293C,68,44
10557,0x293D,65,69
10558,0x293E,72,6E
10559,0x293F,00,65
10560,0x2940,25,65
10561,0x2941,93,6E
10562,0x2942,33,11
10563,0x2943,33,74
10564,0x2944,33,53
10565,0x2945,32,42
10566,0x2946,33,27
10567,0x2947,22,33
10568,0x2948,00,45
10569,0x2949,02,34
10571,0x294B,14,0C
10572,0x294C,4E,47
10573,0x294D,6F,72
10574,0x294E,72,65
10575,0x294F,74,67
10576,0x2950,68,20
10577,0x2951,65,41
10578,0x2952,72,64
10579,0x2953,6E,61
10580,0x2954,20,6D
10581,0x2955,49,73
10582,0x2956,6C,08
10583,0x2957,6C,73
10584,0x2958,69,34
10585,0x2959,6E,43
10586,0x295A,6F,32
10587,0x295B,69,35
10588,0x295C,73,41
10589,0x295D,00,31
10591,0x295F,06,0C
10592,0x2960,4E,42
10593,0x2961,49,6F
10594,0x2962,55,62
10595,0x2963,00,20
10596,0x2964,00,45
10597,0x2965,0A,72
10598,0x2966,48,72
10599,0x2967,75,65
10600,0x2968,73,79
10601,0x2969,6B,00
10602,0x296A,69,12
10603,0x296B,65,64
10604,0x296C,73,42
10605,0x296D,00,42
10606,0x296E,00,44
10607,0x296F,16,32
10608,0x2970,46,45
10609,0x2971,6F,23
10610,0x2972,78,00
10611,0x2973,20,0C
10612,0x2974,56,41
10613,0x2975,61,64
10614,0x2976,6C,61
10615,0x2977,6C,6D
10616,0x2978,65,20
10617,0x2979,79,42
10618,0x297A,20,75
10619,0x297B,49,72
10620,0x297C,63,74
10621,0x297D,65,00
10622,0x297E,20,06
10623,0x297F,41,74
10624,0x2980,72,32
10625,0x2981,65,34
10626,0x2982,6E,34
10627,0x2983,61,41
10628,0x2984,01,43
10629,0x2985,44,34
10632,0x2988,02,4B
10633,0x2989,64,65
10634,0x298A,00,76
10635,0x298B,52,69
10636,0x298C,00,6E
10637,0x298D,4C,20
10638,0x298E,00,44
10639,0x298F,50,61
10640,0x2990,0E,68
10641,0x2991,E8,6C
10642,0x2992,02,04
10643,0x2993,22,72
10644,0x2994,00,32
10645,0x2995,00,42
10646,0x2996,00,33
10647,0x2997,00,31
10648,0x2998,02,31
10649,0x2999,22,32
10650,0x299A,02,00
10651,0x299B,22,0E
10652,0x299C,08,46
10653,0x299D,8C,72
10654,0x299E,06,61
10655,0x299F,6A,6E
10656,0x29A0,00,6B
10657,0x29A1,4C,20
10658,0x29A2,00,4D
10659,0x29A3,AE,75
10660,0x29A4,0E,73
10661,0x29A5,EE,69
10662,0x29A6,0C,6C
10663,0x29A7,CC,00
10664,0x29A8,0E,03
10665,0x29A9,EE,94
10666,0x29AA,0A,42
10667,0x29AB,AA,32
10668,0x29AC,04,36
10669,0x29AD,8C,21
10670,0x29AE,0A,35
10671,0x29AF,84,23
10672,0x29B0,0E,00
10673,0x29B1,E8,10
10674,0x29B2,02,4E
10675,0x29B3,22,65
10676,0x29B4,00,69
10677,0x29B5,00,6C
10678,0x29B6,00,20
10679,0x29B7,00,57
10680,0x29B8,02,69
10681,0x29B9,22,6C
10682,0x29BA,02,6B
10683,0x29BB,22,69
10684,0x29BC,08,6E
10685,0x29BD,8C,73
10686,0x29BE,06,6F
10687,0x29BF,6A,6E
10688,0x29C0,0A,05
10689,0x29C1,AA,73
10690,0x29C2,0C,31
10691,0x29C3,CC,32
10692,0x29C4,00,35
10693,0x29C5,AE,30
10694,0x29C6,00,44
10695,0x29C7,00,43
10696,0x29C8,02,00
10697,0x29C9,22,02
10699,0x29CB,00,0C
10700,0x29CC,04,4E
10701,0x29CD,8C,61
10702,0x29CE,0A,73
10703,0x29CF,84,68
10704,0x29D0,43,76
10705,0x29D1,00,69
10706,0x29D2,10,6C
10707,0x29D3,64,6C
10708,0x29D4,11,65
10710,0x29D6,01,00
10711,0x29D7,09,06
10712,0x29D8,0A,4E
10713,0x29D9,04,53
10714,0x29DA,05,48
10715,0x29DB,03,00
10716,0x29DC,06,00
10717,0x29DD,00,0C
10718,0x29DE,01,50
10719,0x29DF,09,72
10720,0x29E0,0A,65
10721,0x29E1,04,64
10722,0x29E2,05,61
10723,0x29E3,03,74
10724,0x29E4,06,6F
10725,0x29E5,00,72
10726,0x29E6,01,73
10727,0x29E7,0B,00
10728,0x29E8,0A,00
10729,0x29E9,04,14
10730,0x29EA,05,42
10731,0x29EB,06,72
10732,0x29EC,07,69
10733,0x29ED,00,64
10734,0x29EE,01,67
10735,0x29EF,0C,65
10736,0x29F0,0B,73
10737,0x29F1,04,74
10738,0x29F2,05,6F
10739,0x29F3,07,6E
10740,0x29F4,08,65
10741,0x29F5,00,20
10742,0x29F6,01,41
10743,0x29F7,09,72
10744,0x29F8,0A,65
10745,0x29F9,04,6E
10746,0x29FA,05,61
10747,0x29FB,03,00
10748,0x29FC,06,01
10749,0x29FD,00,EE
10750,0x29FE,01,00
10751,0x29FF,09,0C
10752,0x2A00,0A,03
10753,0x2A01,04,0C
10754,0x2A02,05,00
10755,0x2A03,03,52
10756,0x2A04,06,00
10757,0x2A05,00,4C
10758,0x2A06,01,00
10759,0x2A07,09,50
10760,0x2A08,0A,0E
10761,0x2A09,04,E8
10762,0x2A0A,05,02
10763,0x2A0B,03,22
10764,0x2A0C,06,00
10766,0x2A0E,01,02
10767,0x2A0F,09,00
10768,0x2A10,0A,06
10769,0x2A11,04,00
10770,0x2A12,05,06
10771,0x2A13,03,22
10772,0x2A14,06,08
10773,0x2A15,00,8C
11242,0x2BEA,50,00
11243,0x2BEB,69,0C
11244,0x2BEC,74,47
11245,0x2BED,74,72
11246,0x2BEE,73,61
11247,0x2BEF,62,6E
11248,0x2BF0,75,74
11249,0x2BF1,72,20
11250,0x2BF2,67,46
11251,0x2BF3,68,75
11252,0x2BF4,00,68
11253,0x2BF5,06,72
11254,0x2BF6,50,31
11255,0x2BF7,49,76
11256,0x2BF8,54,45
11257,0x2BF9,00,55
11258,0x2BFA,00,01
11259,0x2BFB,0A,00
11260,0x2BFC,50,44
11261,0x2BFD,65,55
11262,0x2BFE,6E,00
11263,0x2BFF,67,10
11264,0x2C00,75,4A
11265,0x2C01,69,2E
11266,0x2C02,6E,43
11267,0x2C03,73,2E
11268,0x2C04,00,20
11269,0x2C05,16,42
11270,0x2C06,43,65
11271,0x2C07,6F,72
11272,0x2C08,6E,67
11273,0x2C09,73,65
11274,0x2C0A,6F,72
11275,0x2C0B,6C,6F
11276,0x2C0C,20,6E
11277,0x2C0D,45,00
11278,0x2C0E,6E,30
11279,0x2C0F,65,73
11280,0x2C10,72,32
11281,0x2C11,67,33
11282,0x2C12,79,00
11283,0x2C13,20,00
11284,0x2C14,43,11
11285,0x2C15,65,11
11286,0x2C16,6E,00
11287,0x2C17,74,10
11288,0x2C18,65,57
11289,0x2C19,72,61
11290,0x2C1A,01,79
11291,0x2C1B,66,6E
11292,0x2C1C,00,65
11293,0x2C1D,0C,20
11294,0x2C1E,02,47
11295,0x2C1F,70,72
11296,0x2C20,00,65
11297,0x2C21,52,74
11298,0x2C22,00,7A
11299,0x2C23,4C,6B
11300,0x2C24,00,79
11301,0x2C25,50,00
11302,0x2C26,0E,99
11303,0x2C27,E8,46
11304,0x2C28,02,45
11305,0x2C29,22,42
11306,0x2C2A,00,22
11307,0x2C2B,00,62
11308,0x2C2C,06,60
11309,0x2C2D,00,60
11310,0x2C2E,08,00
11311,0x2C2F,20,12
11312,0x2C30,08,47
11313,0x2C31,42,65
11314,0x2C32,08,6F
11315,0x2C33,8C,66
11316,0x2C34,06,66
11317,0x2C35,6A,20
11318,0x2C36,08,43
11319,0x2C37,20,6F
11320,0x2C38,08,75
11321,0x2C39,42,72
11322,0x2C3A,0C,74
11323,0x2C3B,CC,6E
11324,0x2C3C,0C,61
11325,0x2C3D,CC,6C
11326,0x2C3E,0E,6C
11327,0x2C3F,EE,00
11328,0x2C40,0A,14
11329,0x2C41,AA,75
11330,0x2C42,04,54
11331,0x2C43,8C,33
11332,0x2C44,0A,14
11333,0x2C45,84,43
11334,0x2C46,0E,32
11335,0x2C47,E8,44
11336,0x2C48,02,00
11337,0x2C49,22,12
11338,0x2C4A,00,47
11339,0x2C4B,00,65
11340,0x2C4C,06,6F
11341,0x2C4D,00,66
11342,0x2C4E,08,66
11344,0x2C50,08,53
11345,0x2C51,42,61
11346,0x2C52,08,6E
11347,0x2C53,8C,64
11348,0x2C54,06,65
11349,0x2C55,6A,72
11350,0x2C56,0A,73
11351,0x2C57,AA,6F
11352,0x2C58,0C,6E
11353,0x2C59,CC,00
11355,0x2C5B,20,64
11356,0x2C5C,08,44
11357,0x2C5D,20,34
11358,0x2C5E,08,20
11359,0x2C5F,42,44
11360,0x2C60,06,43
11361,0x2C61,00,31
11362,0x2C62,04,00
11363,0x2C63,8C,10
11364,0x2C64,0A,47
11365,0x2C65,84,6C
11366,0x2C66,43,65
11367,0x2C67,00,6E
11368,0x2C68,10,6E
11369,0x2C69,64,20
11370,0x2C6A,11,41
11371,0x2C6B,00,6E
11372,0x2C6C,01,64
11373,0x2C6D,09,65
11374,0x2C6E,0A,72
11375,0x2C6F,03,73
11376,0x2C70,05,6F
11377,0x2C71,04,6E
11378,0x2C72,06,09
11379,0x2C73,00,74
11380,0x2C74,01,44
11381,0x2C75,09,33
11382,0x2C76,0A,26
11383,0x2C77,03,43
11384,0x2C78,05,41
11385,0x2C79,04,43
11386,0x2C7A,06,00
11387,0x2C7B,00,0E
11388,0x2C7C,01,52
11389,0x2C7D,0B,61
11390,0x2C7E,0A,79
11391,0x2C7F,03,20
11392,0x2C80,05,46
11393,0x2C81,06,65
11394,0x2C82,07,72
11395,0x2C83,00,72
11396,0x2C84,01,61
11397,0x2C85,0C,72
11398,0x2C86,0B,6F
11399,0x2C87,03,00
11400,0x2C88,05,21
11401,0x2C89,07,63
11402,0x2C8A,08,33
11403,0x2C8B,00,34
11404,0x2C8C,01,26
11405,0x2C8D,09,43
11406,0x2C8E,0A,43
11407,0x2C8F,03,33
11408,0x2C90,05,00
11409,0x2C91,04,12
11410,0x2C92,06,56
11411,0x2C93,00,61
11412,0x2C94,01,63
11413,0x2C95,09,68
11414,0x2C96,0A,73
11415,0x2C97,03,6C
11416,0x2C98,05,61
11417,0x2C99,04,76
11418,0x2C9A,06,20
11419,0x2C9B,00,4B
11420,0x2C9C,01,6F
11421,0x2C9D,09,7A
11422,0x2C9E,0A,6C
11423,0x2C9F,03,6F
11424,0x2CA0,05,76
11425,0x2CA1,04,00
11426,0x2CA2,06,13
11427,0x2CA3,00,54
11428,0x2CA4,01,32
11429,0x2CA5,09,23
11430,0x2CA6,0A,12
11431,0x2CA7,03,33
11432,0x2CA8,05,35
11433,0x2CA9,04,33
11434,0x2CAA,06,00
11435,0x2CAB,00,0E
11648,0x2D80,00,11
11649,0x2D81,0C,00
11650,0x2D82,4A,01
11651,0x2D83,6F,09
11652,0x2D84,68,0A
11653,0x2D85,6E,03
11654,0x2D86,20,04
11655,0x2D87,42,05
11656,0x2D88,6C,06
11657,0x2D89,75,00
11658,0x2D8A,65,01
11659,0x2D8B,00,09
11660,0x2D8C,39,0A
11661,0x2D8D,64,03
11662,0x2D8E,45,04
11663,0x2D8F,64,05
11664,0x2D90,00,06
11666,0x2D92,43,01
11667,0x2D93,43,09
11668,0x2D94,00,0A
11669,0x2D95,0C,03
11670,0x2D96,54,04
11671,0x2D97,6F,05
11672,0x2D98,6D,06
11673,0x2D99,20,00
11674,0x2D9A,44,01
11675,0x2D9B,72,09
11676,0x2D9C,61,0A
11677,0x2D9D,70,03
11678,0x2D9E,65,04
11679,0x2D9F,72,05
11680,0x2DA0,35,06
11681,0x2DA1,63,00
11682,0x2DA2,33,01
11683,0x2DA3,43,09
11684,0x2DA4,00,0A
11685,0x2DA5,00,03
11686,0x2DA6,22,04
11687,0x2DA7,22,05
11688,0x2DA8,00,06
11689,0x2DA9,0E,00
11690,0x2DAA,4D,01
11691,0x2DAB,69,09
11692,0x2DAC,6B,0A
11693,0x2DAD,65,03
11694,0x2DAE,20,04
11695,0x2DAF,47,05
11696,0x2DB0,61,06
11697,0x2DB1,72,00
11698,0x2DB2,74,01
11699,0x2DB3,6E,09
11700,0x2DB4,65,0A
11701,0x2DB5,72,03
11702,0x2DB6,22,04
11703,0x2DB7,75,05
11704,0x2DB8,54,06
11705,0x2DB9,45,00
11706,0x2DBA,23,01
11707,0x2DBB,53,09
11708,0x2DBC,55,0A
11709,0x2DBD,52,03
11710,0x2DBE,00,04
11711,0x2DBF,0E,05
11712,0x2DC0,50,06
11713,0x2DC1,65,00
12062,0x2F1E,04,00
12063,0x2F1F,07,12
12064,0x2F20,06,4A
12065,0x2F21,00,6F
12066,0x2F22,01,68
12067,0x2F23,0C,6E
12068,0x2F24,0A,20
12069,0x2F25,03,56
12070,0x2F26,04,61
12071,0x2F27,06,6E
12072,0x2F28,08,62
12073,0x2F29,00,69
12074,0x2F2A,01,65
12075,0x2F2B,09,73
12076,0x2F2C,0B,62
12077,0x2F2D,03,72
12078,0x2F2E,04,6B
12079,0x2F2F,05,00
12080,0x2F30,07,34
12081,0x2F31,00,54
12082,0x2F32,01,45
12083,0x2F33,09,64
12084,0x2F34,0B,00
12085,0x2F35,03,00
12086,0x2F36,04,34
12087,0x2F37,05,34
12088,0x2F38,07,00
12089,0x2F39,00,0E
12090,0x2F3A,01,52
12091,0x2F3B,09,6F
12092,0x2F3C,0B,6E
12093,0x2F3D,03,20
12094,0x2F3E,04,54
12095,0x2F3F,05,75
12096,0x2F40,07,67
12097,0x2F41,00,6E
12098,0x2F42,01,75
12099,0x2F43,09,74
12100,0x2F44,0B,74
12101,0x2F45,03,00
12102,0x2F46,04,01
12103,0x2F47,05,23
12104,0x2F48,07,33
12105,0x2F49,00,42
12314,0x301A,00,69
12315,0x301B,0E,76
12316,0x301C,54,65
12317,0x301D,6F,72
12318,0x301E,6D,22
12319,0x301F,20,63
12320,0x3020,42,34
12321,0x3021,61,43
12322,0x3022,72,30
12323,0x3023,72,22
12324,0x3024,61,41
12325,0x3025,73,33
12326,0x3026,73,00
12327,0x3027,6F,0C
12328,0x3028,35,4A
12329,0x3029,A5,69
12330,0x302A,45,72
12331,0x302B,65,69
12332,0x302C,01,20
12333,0x302D,00,53
12334,0x302E,44,6C
12335,0x302F,44,65
12336,0x3030,00,67
12337,0x3031,0E,72
12338,0x3032,52,24
12339,0x3033,6F,A3
12340,0x3034,62,33
12341,0x3035,62,33
12342,0x3036,20,26
12343,0x3037,53,31
12344,0x3038,74,41
12345,0x3039,61,34
12346,0x303A,75,00
12347,0x303B,62,02
12348,0x303C,65,00
12349,0x303D,72,0A
12350,0x303E,30,4E
12351,0x303F,63,65
12352,0x3040,35,77
12353,0x3041,64,20
12354,0x3042,00,59
12355,0x3043,00,6F
12356,0x3044,22,72
12357,0x3045,22,6B
12359,0x3047,10,06
12360,0x3048,50,4E
12361,0x3049,61,59
12362,0x304A,74,52
12363,0x304B,20,00
12364,0x304C,4C,00
12365,0x304D,61,0A
12366,0x304E,46,52
12367,0x304F,6F,61
12369,0x3051,74,67
12370,0x3052,61,65
12371,0x3053,69,72
12372,0x3054,6E,73
12373,0x3055,65,00
12374,0x3056,16,00
12375,0x3057,55,18
12376,0x3058,46,4D
12377,0x3059,43,61
12378,0x305A,33,64
12379,0x305B,54,69
12380,0x305C,60,73
12381,0x305D,52,6F
12382,0x305E,00,6E
12383,0x305F,10,20
12384,0x3060,42,53
12385,0x3061,72,71
12386,0x3062,69,75
12388,0x3064,6E,72
12389,0x3065,20,65
12390,0x3066,42,20
12391,0x3067,72,47
12393,0x3069,64,72
12394,0x306A,6C,64
12396,0x306C,79,6E
12398,0x306E,19,01
12399,0x306F,44,F2
12400,0x3070,34,00
12401,0x3071,34,0C
12402,0x3072,33,03
12403,0x3073,35,0C
12404,0x3074,42,00
12405,0x3075,33,52
12407,0x3077,0E,4C
12408,0x3078,53,00
12409,0x3079,74,50
12410,0x307A,65,0E
12411,0x307B,76,E8
12412,0x307C,65,02
12413,0x307D,20,22
12414,0x307E,54,00
12415,0x307F,68,00
12416,0x3080,6F,00
12417,0x3081,6D,00
12418,0x3082,61,02
12419,0x3083,73,22
12420,0x3084,32,02
12421,0x3085,64,22
12422,0x3086,44,08
12423,0x3087,33,8C
12424,0x3088,44,06
12425,0x3089,33,6A
12426,0x308A,42,00
12427,0x308B,43,00
12429,0x308D,0C,00
12430,0x308E,54,00
12431,0x308F,65,0A
12432,0x3090,72,0D
12433,0x3091,72,DD
12434,0x3092,79,0E
12435,0x3093,20,EE
12436,0x3094,59,0B
12437,0x3095,61,BB
12438,0x3096,6B,04
12439,0x3097,65,8C
12440,0x3098,25,0A
12441,0x3099,63,84
12442,0x309A,34,0E
12443,0x309B,33,E8
12444,0x309C,33,02
12445,0x309D,34,22
12446,0x309E,40,00
12447,0x309F,32,00
12449,0x30A1,0E,00
12450,0x30A2,41,00
12451,0x30A3,64,00
12452,0x30A4,61,02
12453,0x30A5,6D,22
12454,0x30A6,20,08
12455,0x30A7,47,8C
12456,0x30A8,72,06
12457,0x30A9,61,6A
12458,0x30AA,76,00
12459,0x30AB,65,0A
12460,0x30AC,73,00
12461,0x30AD,00,0A
12462,0x30AE,09,0E
12463,0x30AF,64,EE
12464,0x30B0,44,02
12465,0x30B1,32,22
12466,0x30B2,36,02
12467,0x30B3,33,22
12468,0x30B4,45,00
12469,0x30B5,34,00
12470,0x30B6,00,04
12471,0x30B7,14,8C
12472,0x30B8,47,0A
12473,0x30B9,72,84
12474,0x30BA,65,43
12475,0x30BB,67,00
12476,0x30BC,6F,10
12477,0x30BD,72,64
12478,0x30BE,69,11
12479,0x30BF,20,00
12480,0x30C0,50,01
12481,0x30C1,61,09
12482,0x30C2,6E,0A
12483,0x30C3,74,03
12484,0x30C4,61,04
12485,0x30C5,6C,05
12486,0x30C6,65,06
12487,0x30C7,79,00
12488,0x30C8,65,01
12489,0x30C9,76,09
12490,0x30CA,13,0A
12491,0x30CB,64,03
12492,0x30CC,42,04
12493,0x30CD,22,05
12494,0x30CE,12,06
12495,0x30CF,33,00
12496,0x30D0,24,01
12497,0x30D1,31,09
12498,0x30D2,00,0A
12499,0x30D3,0E,03
12500,0x30D4,41,04
12501,0x30D5,6C,05
12502,0x30D6,20,06
12503,0x30D7,4D,00
12504,0x30D8,61,01
12505,0x30D9,63,09
12506,0x30DA,49,0A
12507,0x30DB,6E,03
12508,0x30DC,6E,04
12509,0x30DD,69,05
12510,0x30DE,73,06
12512,0x30E0,02,01
12513,0x30E1,84,09
12514,0x30E2,44,0A
12515,0x30E3,36,03
12516,0x30E4,35,04
12517,0x30E5,41,05
12518,0x30E6,52,06
12519,0x30E7,43,00
12520,0x30E8,00,01
12521,0x30E9,12,09
12522,0x30EA,56,0A
12523,0x30EB,61,03
12524,0x30EC,63,04
12525,0x30ED,68,05
12526,0x30EE,73,06
12527,0x30EF,6C,00
12528,0x30F0,61,01
12529,0x30F1,76,09
12530,0x30F2,20,0A
12531,0x30F3,46,03
12532,0x30F4,65,04
12533,0x30F5,74,05
12534,0x30F6,69,06
12535,0x30F7,73,00
12536,0x30F8,6F,01
12537,0x30F9,76,09
12538,0x30FA,22,0A
12539,0x30FB,B4,03
12540,0x30FC,22,04
12541,0x30FD,44,05
12542,0x30FE,44,06
12543,0x30FF,41,00
12978,0x32B2,00,6D
12979,0x32B3,0C,00
12980,0x32B4,41,07
12981,0x32B5,6E,94
12982,0x32B6,64,45
12983,0x32B7,79,35
12984,0x32B8,20,38
12985,0x32B9,4D,45
12986,0x32BA,6F,32
12987,0x32BB,6F,33
12988,0x32BC,67,00
12989,0x32BD,00,0E
12990,0x32BE,35,4A
12991,0x32BF,45,69
12992,0x32C0,42,6D
12993,0x32C1,35,6D
12994,0x32C2,00,79
12995,0x32C3,00,20
12997,0x32C5,43,61
12998,0x32C6,00,72
12999,0x32C7,10,73
13000,0x32C8,53,6F
13001,0x32C9,74,6E
13002,0x32CA,65,12
13003,0x32CB,70,94
13004,0x32CC,68,44
13005,0x32CD,61,34
13006,0x32CE,6E,23
13007,0x32CF,65,45
13008,0x32D0,20,42
13009,0x32D1,46,41
13010,0x32D2,69,00
13011,0x32D3,73,0C
13012,0x32D4,65,54
13013,0x32D5,74,65
13014,0x32D6,31,64
13015,0x32D7,54,20
13016,0x32D8,43,44
13017,0x32D9,43,6F
13018,0x32DA,00,6E
13019,0x32DB,00,61
13020,0x32DC,22,74
13021,0x32DD,22,6F
13022,0x32DE,00,21
13023,0x32DF,10,43
13024,0x32E0,4C,43
13025,0x32E1,75,43
13026,0x32E2,63,30
13027,0x32E3,20,33
13028,0x32E4,52,33
13029,0x32E5,6F,32
13030,0x32E6,62,00
13031,0x32E7,69,0E
13032,0x32E8,74,50
13034,0x32EA,69,75
13036,0x32EC,6C,20
13037,0x32ED,65,52
13038,0x32EE,20,61
13039,0x32EF,74,6E
13040,0x32F0,45,68
13041,0x32F1,34,65
13042,0x32F2,24,69
13043,0x32F3,56,6D
13044,0x32F4,52,28
13045,0x32F5,43,84
13046,0x32F6,00,43
13047,0x32F7,10,43
13048,0x32F8,43,13
13049,0x32F9,6C,43
13050,0x32FA,69,34
13051,0x32FB,66,31
13052,0x32FC,66,00
13053,0x32FD,20,10
13054,0x32FE,52,41
13055,0x32FF,6F,6E
13056,0x3300,6E,64
13057,0x3301,6E,72
13058,0x3302,69,65
13059,0x3303,6E,69
13060,0x3304,67,20
13061,0x3305,00,4C
13062,0x3306,07,6F
13063,0x3307,55,6D
13064,0x3308,54,61
13065,0x3309,32,6B
13066,0x330A,20,69
13067,0x330B,43,6E
13068,0x330C,51,23
13069,0x330D,41,74
13070,0x330E,00,33
13071,0x330F,10,23
13072,0x3310,42,12
13073,0x3311,72,33
13074,0x3312,69,32
13075,0x3313,61,42
13076,0x3314,6E,00
13077,0x3315,20,0E
13078,0x3316,42,47
13079,0x3317,65,6C
13080,0x3318,6C,65
13081,0x3319,6C,6E
13082,0x331A,6F,20
13083,0x331B,77,57
13084,0x331C,73,65
13085,0x331D,00,73
13086,0x331E,23,6C
13087,0x331F,84,65
13088,0x3320,44,79
13089,0x3321,34,00
13090,0x3322,23,26
13091,0x3323,44,85
13092,0x3324,42,43
13093,0x3325,42,44
13094,0x3326,00,36
13095,0x3327,10,41
13096,0x3328,52,44
13097,0x3329,6F,42
13098,0x332A,64,00
13099,0x332B,20,10
13100,0x332C,42,45
13103,0x332F,6E,63
13104,0x3330,64,20
13105,0x3331,41,57
13106,0x3332,6D,65
13107,0x3333,6F,69
13108,0x3334,75,6E
13110,0x3336,17,69
13111,0x3337,94,63
13112,0x3338,34,68
13113,0x3339,44,00
13114,0x333A,34,04
13115,0x333B,44,A3
13116,0x333C,42,43
13118,0x333E,00,34
13119,0x333F,0E,32
13120,0x3340,42,41
13121,0x3341,72,33
13122,0x3342,65,00
13123,0x3343,6E,14
13124,0x3344,74,43
13125,0x3345,20,75
13126,0x3346,53,72
13127,0x3347,75,74
13128,0x3348,74,69
13129,0x3349,74,73
13130,0x334A,65,20
13131,0x334B,72,4C
13132,0x334C,12,65
13133,0x334D,63,73
13134,0x334E,24,63
13135,0x334F,53,68
13136,0x3350,43,79
13137,0x3351,43,73
13138,0x3352,51,68
13139,0x3353,33,79
13140,0x3354,00,6E
13141,0x3355,0C,00
13142,0x3356,52,46
13143,0x3357,6F,93
13144,0x3358,6E,43
13145,0x3359,20,42
13146,0x335A,53,34
13147,0x335B,75,23
13148,0x335C,74,40
13149,0x335D,74,32
13150,0x335E,65,00
13151,0x335F,72,12
13152,0x3360,22,53
13153,0x3361,63,74
13154,0x3362,33,65
13155,0x3363,42,70
13156,0x3364,45,68
13157,0x3365,33,61
13158,0x3366,43,6E
13159,0x3367,43,44
13160,0x3368,00,20
13161,0x3369,10,52
13162,0x336A,55,69
13163,0x336B,6C,63
13164,0x336C,66,68
13165,0x336D,20,65
13166,0x336E,53,72
13167,0x336F,61,00
13168,0x3370,6D,25
13169,0x3371,75,93
13170,0x3372,65,33
13171,0x3373,6C,33
13172,0x3374,73,33
13173,0x3375,73,32
13174,0x3376,6F,33
13175,0x3377,6E,22
13176,0x3378,05,00
13177,0x3379,84,02
13178,0x337A,43,00
13179,0x337B,53,14
13180,0x337C,56,4E
13181,0x337D,30,6F
13182,0x337E,41,72
13183,0x337F,35,74
13184,0x3380,00,68
13185,0x3381,0E,65
13186,0x3382,44,72
13187,0x3383,6F,6E
13188,0x3384,75,20
13189,0x3385,67,49
13190,0x3386,20,6C
13191,0x3387,4C,6C
13193,0x3389,64,6E
13194,0x338A,73,6F
13195,0x338B,74,69
13196,0x338C,65,73
13197,0x338D,72,00
13198,0x338E,03,00
13199,0x338F,93,06
13200,0x3390,32,4E
13201,0x3391,33,49
13202,0x3392,43,55
13203,0x3393,41,00
13204,0x3394,41,00
13205,0x3395,42,0A
13206,0x3396,00,48
13207,0x3397,0C,75
13208,0x3398,42,73
13209,0x3399,6F,6B
13210,0x339A,62,69
13211,0x339B,20,65
13212,0x339C,52,73
13213,0x339D,6F,00
13214,0x339E,75,00
13215,0x339F,73,16
13216,0x33A0,65,46
13217,0x33A1,00,6F
13218,0x33A2,08,78
13219,0x33A3,A3,20
13220,0x33A4,32,56
13221,0x33A5,42,61
13222,0x33A6,43,6C
13223,0x33A7,20,6C
13224,0x33A8,44,65
13225,0x33A9,23,79
13226,0x33AA,00,20
13227,0x33AB,10,49
13228,0x33AC,50,63
13229,0x33AD,61,65
13230,0x33AE,75,20
13231,0x33AF,6C,41
13232,0x33B0,20,72
13233,0x33B1,43,65
13234,0x33B2,61,6E
13235,0x33B3,76,61
13236,0x33B4,61,01
13237,0x33B5,6C,EC
13238,0x33B6,6C,00
13239,0x33B7,69,0C
13240,0x33B8,6E,03
13241,0x33B9,69,0C
13242,0x33BA,14,00
13243,0x33BB,A3,52
13244,0x33BC,32,00
13245,0x33BD,33,4C
13246,0x33BE,34,00
13247,0x33BF,31,50
13248,0x33C0,35,0E
13249,0x33C1,32,E8
13250,0x33C2,00,02
13251,0x33C3,02,22
13253,0x33C5,0A,00
13254,0x33C6,53,00
13255,0x33C7,61,00
13256,0x33C8,6E,02
13257,0x33C9,20,22
13258,0x33CA,4A,02
13259,0x33CB,6F,22
13260,0x33CC,73,08
13261,0x33CD,65,8C
13262,0x33CE,00,06
13263,0x33CF,06,6A
13264,0x33D0,53,00
13265,0x33D1,4A,4C
13266,0x33D2,53,00
13267,0x33D3,00,AE
13268,0x33D4,00,0E
13269,0x33D5,08,EE
13270,0x33D6,53,0C
13271,0x33D7,68,CC
13272,0x33D8,61,0E
13273,0x33D9,72,EE
13274,0x33DA,6B,0A
13275,0x33DB,73,AA
13276,0x33DC,00,04
13277,0x33DD,0C,8C
13278,0x33DE,53,0A
13279,0x33DF,41,84
13280,0x33E0,50,0E
13281,0x33E1,20,E8
13282,0x33E2,43,02
13283,0x33E3,65,22
13284,0x33E4,6E,00
13285,0x33E5,74,00
13286,0x33E6,65,00
13287,0x33E7,72,00
13288,0x33E8,01,02
13289,0x33E9,5E,22
13290,0x33EA,00,02
13291,0x33EB,0C,22
13292,0x33EC,02,08
13293,0x33ED,72,8C
13294,0x33EE,00,06
13295,0x33EF,52,6A
13296,0x33F0,00,0A
13297,0x33F1,4C,AA
13298,0x33F2,00,0C
13299,0x33F3,50,CC
13300,0x33F4,0E,00
13301,0x33F5,EA,AE
13302,0x33F6,06,00
13303,0x33F7,66,00
13304,0x33F8,00,02
13305,0x33F9,00,22
13308,0x33FC,02,04
13309,0x33FD,00,8C
13310,0x33FE,04,0A
13311,0x33FF,20,84
13312,0x3400,08,43
13313,0x3401,8C,00
13314,0x3402,06,10
13315,0x3403,6A,64
13316,0x3404,0A,11
13317,0x3405,86,00
13318,0x3406,0C,01
13319,0x3407,C8,09
13320,0x3408,04,0A
13321,0x3409,20,03
13322,0x340A,0C,04
13323,0x340B,CC,05
13324,0x340C,0E,06
13325,0x340D,EE,00
13326,0x340E,0A,01
13327,0x340F,AA,09
13328,0x3410,04,0A
13329,0x3411,8C,03
13330,0x3412,0A,04
13331,0x3413,A6,05
13332,0x3414,0E,06
13333,0x3415,EA,00
13334,0x3416,06,01
13335,0x3417,66,09
13336,0x3418,00,0A
13337,0x3419,00,03
13338,0x341A,00,04
13339,0x341B,00,05
13340,0x341C,02,06
13342,0x341E,04,01
13343,0x341F,20,09
13344,0x3420,08,0A
13345,0x3421,8C,03
13346,0x3422,06,04
13347,0x3423,6A,05
13348,0x3424,0A,06
13349,0x3425,86,00
13350,0x3426,0C,01
13351,0x3427,C8,09
13352,0x3428,04,0A
13353,0x3429,20,03
13354,0x342A,02,04
13355,0x342B,00,05
13356,0x342C,04,06
13357,0x342D,20,00
13358,0x342E,02,01
13359,0x342F,00,09
13360,0x3430,04,0A
13361,0x3431,8C,03
13362,0x3432,0A,04
13363,0x3433,A6,05
13364,0x3434,43,06
13366,0x3436,10,01
13367,0x3437,64,09
13368,0x3438,11,0A
13369,0x3439,00,03
13370,0x343A,01,04
13371,0x343B,09,05
13372,0x343C,0A,06
13373,0x343D,05,00
13374,0x343E,03,01
13375,0x343F,04,09
13376,0x3440,06,0A
13377,0x3441,00,03
13378,0x3442,01,04
13379,0x3443,09,05
13380,0x3444,0A,06
13381,0x3445,05,00
13729,0x35A1,12,10
13730,0x35A2,56,44
13731,0x35A3,61,6F
13732,0x35A4,6C,6D
13733,0x35A5,65,69
13734,0x35A6,72,6E
13736,0x35A8,20,6B
13737,0x35A9,5A,20
13738,0x35AA,65,48
13739,0x35AB,6C,61
13740,0x35AC,65,73
13741,0x35AD,70,65
13742,0x35AE,75,6B
13743,0x35AF,6B,00
13744,0x35B0,69,39
13745,0x35B1,6E,44
13746,0x35B2,25,35
13747,0x35B3,64,63
13748,0x35B4,44,00
13749,0x35B5,33,00
13750,0x35B6,10,22
13751,0x35B7,43,22
13752,0x35B8,31,00
13753,0x35B9,43,10
13754,0x35BA,00,44
13755,0x35BB,0E,61
13756,0x35BC,47,72
13757,0x35BD,61,63
13758,0x35BE,72,79
13759,0x35BF,79,20
13760,0x35C0,20,57
13761,0x35C1,4C,61
13762,0x35C2,65,6B
13763,0x35C3,65,61
13764,0x35C4,6D,6C
13765,0x35C5,61,75
13766,0x35C6,6E,6B
13768,0x35C8,26,35
13769,0x35C9,54,63
13770,0x35CA,43,33
13771,0x35CB,23,44
13772,0x35CC,29,00
13773,0x35CD,33,00
13774,0x35CE,32,22
13777,0x35D1,0E,10
13778,0x35D2,42,53
13779,0x35D3,72,65
13780,0x35D4,69,72
13781,0x35D5,61,67
13782,0x35D6,6E,65
13783,0x35D7,20,69
13784,0x35D8,4E,20
13785,0x35D9,6F,46
13786,0x35DA,6F,65
13787,0x35DB,6E,64
13788,0x35DC,61,6F
13789,0x35DD,6E,72
13790,0x35DE,10,6F
13791,0x35DF,73,76
13792,0x35E0,33,91
13793,0x35E1,34,75
13794,0x35E2,33,44
13795,0x35E3,43,44
13796,0x35E4,45,32
13797,0x35E5,33,54
13798,0x35E6,00,41
13799,0x35E7,0C,53
13800,0x35E8,44,00
13801,0x35E9,61,10
13802,0x35EA,76,53
13803,0x35EB,65,74
13804,0x35EC,20,65
13805,0x35ED,56,70
13806,0x35EE,6F,68
13807,0x35EF,6C,61
13808,0x35F0,65,6E
13809,0x35F1,6B,20
13810,0x35F2,52,4C
13811,0x35F3,64,65
13812,0x35F4,43,62
13813,0x35F5,22,65
13814,0x35F6,12,61
13815,0x35F7,42,75
13816,0x35F8,45,47
13817,0x35F9,32,54
13818,0x35FA,00,44
13819,0x35FB,0E,33
13820,0x35FC,44,21
13821,0x35FD,61,45
13822,0x35FE,76,40
13823,0x35FF,65,31
13824,0x3600,20,00
13825,0x3601,45,10
13826,0x3602,6C,50
13827,0x3603,6C,69
13829,0x3605,74,72
13830,0x3606,74,72
13831,0x3607,00,65
13832,0x3608,04,20
13833,0x3609,94,54
13834,0x360A,43,75
13835,0x360B,45,72
13836,0x360C,44,67
13837,0x360D,41,65
13838,0x360E,42,6F
13839,0x360F,42,6E
13840,0x3610,00,77
13841,0x3611,10,94
13842,0x3612,54,45
13843,0x3613,65,34
13844,0x3614,70,34
13845,0x3615,70,45
13846,0x3616,6F,51
13847,0x3617,20,41
13848,0x3618,4E,00
13849,0x3619,75,10
13850,0x361A,6D,50
13851,0x361B,6D,61
13852,0x361C,69,75
13853,0x361D,6E,6C
13854,0x361E,65,20
13855,0x361F,6E,59
13856,0x3620,27,73
13857,0x3621,74,65
13858,0x3622,33,62
13859,0x3623,53,61
13860,0x3624,31,65
13861,0x3625,42,72
13862,0x3626,41,74
13863,0x3627,32,00
13864,0x3628,00,14
13865,0x3629,14,74
13867,0x362B,69,43
13868,0x362C,6D,26
13869,0x362D,69,44
13870,0x362E,74,33
13871,0x362F,72,42
13872,0x3630,69,00
13873,0x3631,20,10
13874,0x3632,59,43
13875,0x3633,75,6C
13876,0x3634,73,61
13877,0x3635,68,75
13878,0x3636,6B,64
13880,0x3638,76,20
13881,0x3639,69,4C
13882,0x363A,63,65
13883,0x363B,68,6D
13884,0x363C,02,69
13885,0x363D,74,65
13886,0x363E,33,75
13887,0x363F,43,78
13888,0x3640,24,22
13889,0x3641,31,B4
13890,0x3642,43,44
13891,0x3643,33,34
13892,0x3644,00,37
13893,0x3645,0C,32
13894,0x3646,4D,43
13895,0x3647,61,34
13896,0x3648,72,00
13897,0x3649,6B,0E
13898,0x364A,20,44
13899,0x364B,48,69
13900,0x364C,6F,72
13901,0x364D,77,6B
13902,0x364E,65,20
13903,0x364F,00,47
13904,0x3650,05,72
13905,0x3651,63,61
13906,0x3652,33,68
13907,0x3653,43,61
13908,0x3654,32,6D
13909,0x3655,31,00
13910,0x3656,30,98
13911,0x3657,31,84
13912,0x3658,00,33
13913,0x3659,02,53
13914,0x365A,00,47
13915,0x365B,0A,32
13916,0x365C,53,45
13917,0x365D,65,34
13918,0x365E,61,00
13919,0x365F,74,0E
13920,0x3660,74,42
13921,0x3661,6C,72
13922,0x3662,65,69
13923,0x3663,00,61
13924,0x3664,00,6E
13925,0x3665,06,20
13926,0x3666,53,4C
13927,0x3667,45,65
13928,0x3668,41,65
13929,0x3669,00,74
13930,0x366A,00,63
13931,0x366B,08,68
13932,0x366C,4B,02
13933,0x366D,72,66
13934,0x366E,61,34
13935,0x366F,6B,44
13936,0x3670,65,26
13937,0x3671,6E,51
13938,0x3672,00,52
13939,0x3673,16,52
13940,0x3674,43,00
13941,0x3675,6C,0C
13942,0x3676,69,4A
13943,0x3677,6D,65
13944,0x3678,61,66
13945,0x3679,74,66
13946,0x367A,65,20
13947,0x367B,20,42
13948,0x367C,50,72
13949,0x367D,6C,6F
13950,0x367E,65,77
13951,0x367F,64,6E
13952,0x3680,67,21
13953,0x3681,65,93
13954,0x3682,20,34
13955,0x3683,41,45
13956,0x3684,72,23
13957,0x3685,65,43
13958,0x3686,6E,51
13959,0x3687,61,42
13960,0x3688,01,00
13961,0x3689,58,14
13962,0x368A,00,56
13963,0x368B,0C,6C
13964,0x368C,02,61
13965,0x368D,72,64
13966,0x368E,00,69
13967,0x368F,52,6D
13968,0x3690,00,69
13969,0x3691,4C,72
13970,0x3692,00,20
13971,0x3693,50,4D
13972,0x3694,0E,61
13973,0x3695,E8,6C
13974,0x3696,02,61
13975,0x3697,22,6B
13976,0x3698,00,68
13977,0x3699,00,6F
13978,0x369A,06,76
13980,0x369C,06,23
13981,0x369D,22,A3
13982,0x369E,08,34
13983,0x369F,44,34
13984,0x36A0,08,34
13985,0x36A1,8C,32
13986,0x36A2,06,42
13987,0x36A3,6A,33
13988,0x36A4,02,00
13989,0x36A5,00,12
13990,0x36A6,06,53
13991,0x36A7,00,61
13992,0x36A8,06,6E
13993,0x36A9,22,64
13994,0x36AA,0C,69
13995,0x36AB,CC,73
13996,0x36AC,0E,20
13997,0x36AD,EE,4F
13998,0x36AE,0A,7A
13999,0x36AF,AA,6F
14000,0x36B0,04,6C
14001,0x36B1,8C,69
14002,0x36B2,0A,6E
14003,0x36B3,84,73
14004,0x36B4,0E,68
14005,0x36B5,E8,00
14006,0x36B6,02,06
14007,0x36B7,22,73
14008,0x36B8,00,33
14009,0x36B9,00,33
14010,0x36BA,06,36
14011,0x36BB,00,32
14012,0x36BC,06,42
14013,0x36BD,22,33
14014,0x36BE,08,00
14015,0x36BF,44,02
14016,0x36C0,08,00
14017,0x36C1,8C,0C
14018,0x36C2,06,50
14019,0x36C3,6A,69
14020,0x36C4,08,74
14021,0x36C5,88,74
14022,0x36C6,0A,73
14023,0x36C7,AA,62
14024,0x36C8,0C,75
14025,0x36C9,CC,72
14026,0x36CA,06,67
14027,0x36CB,00,68
14028,0x36CC,06,00
14029,0x36CD,22,06
14030,0x36CE,02,50
14031,0x36CF,00,49
14032,0x36D0,04,54
14033,0x36D1,8C,00
14034,0x36D2,0A,00
14035,0x36D3,84,0A
14036,0x36D4,43,50
14037,0x36D5,00,65
14038,0x36D6,10,6E
14039,0x36D7,64,67
14040,0x36D8,11,75
14041,0x36D9,00,69
14042,0x36DA,01,6E
14043,0x36DB,0A,73
14044,0x36DC,09,00
14045,0x36DD,04,16
14046,0x36DE,03,43
14047,0x36DF,06,6F
14048,0x36E0,05,6E
14049,0x36E1,00,73
14050,0x36E2,01,6F
14051,0x36E3,0A,6C
14052,0x36E4,09,20
14053,0x36E5,04,45
14054,0x36E6,03,6E
14055,0x36E7,06,65
14056,0x36E8,05,72
14057,0x36E9,00,67
14058,0x36EA,01,79
14059,0x36EB,0B,20
14060,0x36EC,09,43
14061,0x36ED,05,65
14062,0x36EE,04,6E
14063,0x36EF,06,74
14064,0x36F0,07,65
14065,0x36F1,00,72
14066,0x36F2,01,02
14067,0x36F3,0C,02
14068,0x36F4,0B,00
14069,0x36F5,04,0C
14071,0x36F7,07,0C
14072,0x36F8,08,00
14073,0x36F9,00,52
14074,0x36FA,01,00
14075,0x36FB,0A,4C
14076,0x36FC,09,00
14077,0x36FD,04,50
14078,0x36FE,03,0E
14079,0x36FF,06,E8
14080,0x3700,05,02
14081,0x3701,00,22
14082,0x3702,01,00
14083,0x3703,0A,00
14084,0x3704,09,06
14085,0x3705,04,00
14086,0x3706,03,08
14087,0x3707,06,20
14088,0x3708,05,08
14089,0x3709,00,42
14090,0x370A,01,08
14091,0x370B,0A,8C
14092,0x370C,09,06
14093,0x370D,04,6A
14094,0x370E,03,08
14095,0x370F,06,20
14096,0x3710,05,08
14097,0x3711,00,42
14098,0x3712,01,0C
14099,0x3713,0A,CC
14100,0x3714,09,0C
14101,0x3715,04,CC
14102,0x3716,03,0E
14103,0x3717,06,EE
14104,0x3718,05,0A
14105,0x3719,00,AA
14580,0x38F4,36,00
14581,0x38F5,21,0C
14582,0x38F6,41,4A
14583,0x38F7,33,6F
14584,0x38F8,00,68
14585,0x38F9,02,6E
14586,0x38FA,00,20
14587,0x38FB,0A,42
14588,0x38FC,54,6C
14589,0x38FD,6F,75
14590,0x38FE,72,65
14591,0x38FF,6F,00
14592,0x3900,6E,39
14593,0x3901,74,64
14594,0x3902,6F,45
14595,0x3903,00,64
14597,0x3905,06,00
14598,0x3906,54,43
14599,0x3907,4F,43
14600,0x3908,52,00
14601,0x3909,00,0C
14602,0x390A,00,54
14603,0x390B,0E,6F
14604,0x390C,4D,6D
14605,0x390D,61,20
14606,0x390E,70,44
14607,0x390F,6C,72
14608,0x3910,65,61
14609,0x3911,20,70
14610,0x3912,4C,65
14611,0x3913,65,72
14612,0x3914,61,35
14613,0x3915,66,63
14614,0x3916,73,33
14615,0x3917,00,43
14617,0x3919,12,00
14618,0x391A,53,22
14619,0x391B,63,22
14620,0x391C,6F,00
14621,0x391D,74,0E
14622,0x391E,69,4D
14623,0x391F,61,69
14624,0x3920,62,6B
14625,0x3921,61,65
14626,0x3922,6E,20
14627,0x3923,6B,47
14628,0x3924,20,61
14629,0x3925,41,72
14630,0x3926,72,74
14631,0x3927,65,6E
14632,0x3928,6E,65
14633,0x3929,61,72
14634,0x392A,01,22
14635,0x392B,5A,75
14636,0x392C,00,54
14637,0x392D,0C,45
14638,0x392E,02,23
14639,0x392F,6A,53
14640,0x3930,00,55
14643,0x3933,4C,0E
14644,0x3934,00,50
14645,0x3935,50,65
14646,0x3936,0E,6C
14647,0x3937,EA,6C
14648,0x3938,06,65
14649,0x3939,66,20
14650,0x393A,00,45
14651,0x393B,00,6B
14652,0x393C,04,6C
14653,0x393D,44,75
14654,0x393E,01,6E
14655,0x393F,11,64
14656,0x3940,03,09
14657,0x3941,33,55
14658,0x3942,08,44
14659,0x3943,8C,33
14660,0x3944,06,32
14661,0x3945,6A,43
14662,0x3946,04,40
14663,0x3947,68,41
14664,0x3948,06,00
14665,0x3949,8A,10
14666,0x394A,04,4A
14667,0x394B,44,6F
14668,0x394C,0C,65
14669,0x394D,CC,20
14670,0x394E,0E,4E
14671,0x394F,EE,69
14672,0x3950,0C,65
14673,0x3951,CC,75
14674,0x3952,04,77
14675,0x3953,8C,65
14676,0x3954,0A,6E
14677,0x3955,A6,64
14678,0x3956,0E,79
14679,0x3957,EA,6B
14680,0x3958,06,25
14681,0x3959,66,84
14682,0x395A,00,44
14683,0x395B,00,34
14684,0x395C,04,34
14686,0x395E,01,43
14687,0x395F,11,22
14688,0x3960,03,00
14689,0x3961,33,0C
14690,0x3962,08,4D
14691,0x3963,8C,69
14692,0x3964,06,6B
14693,0x3965,6A,65
14694,0x3966,04,20
14695,0x3967,68,52
14696,0x3968,06,69
14697,0x3969,8A,63
14698,0x396A,00,63
14699,0x396B,00,69
14700,0x396C,02,18
14701,0x396D,22,74
14702,0x396E,04,44
14703,0x396F,44,33
14704,0x3970,02,34
14705,0x3971,22,35
14706,0x3972,04,30
14707,0x3973,8C,43
14708,0x3974,0A,00
14709,0x3975,A6,0C
14710,0x3976,43,4A
14711,0x3977,00,6F
14712,0x3978,10,65
14713,0x3979,64,6C
14714,0x397A,11,20
14715,0x397B,00,4F
14716,0x397C,01,74
14717,0x397D,0A,74
14718,0x397E,09,6F
14719,0x397F,03,00
14720,0x3980,04,29
14721,0x3981,05,B4
14722,0x3982,06,33
14723,0x3983,00,52
14724,0x3984,01,57
14725,0x3985,0A,34
14726,0x3986,09,41
14727,0x3987,03,24
14728,0x3988,04,00
14729,0x3989,05,0C
14730,0x398A,06,52
14731,0x398B,00,6F
14732,0x398C,01,62
14733,0x398D,0B,20
14734,0x398E,09,42
14735,0x398F,03,72
14736,0x3990,04,6F
14737,0x3991,06,77
14738,0x3992,07,6E
14740,0x3994,01,44
14741,0x3995,0C,64
14742,0x3996,0B,33
14743,0x3997,03,22
14744,0x3998,04,28
14745,0x3999,07,41
14746,0x399A,08,20
14747,0x399B,00,24
14748,0x399C,01,00
14749,0x399D,0A,10
14750,0x399E,09,53
14751,0x399F,03,63
14752,0x39A0,04,6F
14753,0x39A1,05,74
14754,0x39A2,06,74
14755,0x39A3,00,20
14756,0x39A4,01,53
14757,0x39A5,0A,74
14758,0x39A6,09,65
14759,0x39A7,03,76
14760,0x39A8,04,65
14761,0x39A9,05,6E
14762,0x39AA,06,73
14764,0x39AC,01,04
14765,0x39AD,0A,B4
14766,0x39AE,09,43
14767,0x39AF,03,44
14768,0x39B0,04,56
14769,0x39B1,05,42
14770,0x39B2,06,50
14771,0x39B3,00,43
14772,0x39B4,01,00
14773,0x39B5,0A,10
14774,0x39B6,09,4A
14775,0x39B7,03,61
14776,0x39B8,04,6D
14777,0x39B9,05,65
14778,0x39BA,06,73
14779,0x39BB,00,20
14980,0x3A84,00,06
14981,0x3A85,0C,00
14982,0x3A86,45,01
14983,0x3A87,64,09
14984,0x3A88,20,0A
14985,0x3A89,42,03
14986,0x3A8A,65,04
14987,0x3A8B,6C,05
14988,0x3A8C,66,06
14989,0x3A8D,6F,00
14990,0x3A8E,75,01
14991,0x3A8F,72,09
14992,0x3A90,30,0A
14993,0x3A91,66,03
14994,0x3A92,46,04
14995,0x3A93,65,05
14996,0x3A94,00,06
14998,0x3A96,66,01
14999,0x3A97,55,09
15000,0x3A98,00,0A
15001,0x3A99,0E,03
15002,0x3A9A,44,04
15003,0x3A9B,61,05
15004,0x3A9C,72,06
15005,0x3A9D,65,00
15006,0x3A9E,6E,01
15007,0x3A9F,20,09
15008,0x3AA0,50,0A
15009,0x3AA1,75,03
15010,0x3AA2,70,04
15011,0x3AA3,70,05
15012,0x3AA4,61,06
15015,0x3AA7,94,09
15016,0x3AA8,45,0A
15017,0x3AA9,63,03
15018,0x3AAA,01,04
15019,0x3AAB,00,05
15020,0x3AAC,22,06
15021,0x3AAD,33,00
15022,0x3AAE,00,01
15023,0x3AAF,0C,09
15024,0x3AB0,41,0A
15025,0x3AB1,64,03
15026,0x3AB2,61,04
15027,0x3AB3,6D,05
15028,0x3AB4,20,06
15029,0x3AB5,4F,00
15030,0x3AB6,61,01
15031,0x3AB7,74,09
15032,0x3AB8,65,0A
15033,0x3AB9,73,03
15034,0x3ABA,12,04
15035,0x3ABB,75,05
15036,0x3ABC,46,06
15037,0x3ABD,53,00
15394,0x3C22,06,00
15395,0x3C23,00,0E
15396,0x3C24,01,54
15397,0x3C25,0B,6F
15398,0x3C26,0A,6D
15399,0x3C27,03,20
15400,0x3C28,04,42
15401,0x3C29,06,61
15402,0x3C2A,07,72
15403,0x3C2B,00,72
15404,0x3C2C,01,61
15405,0x3C2D,0C,73
15406,0x3C2E,0B,73
15407,0x3C2F,03,6F
15408,0x3C30,04,35
15409,0x3C31,07,A5
15410,0x3C32,08,45
15411,0x3C33,00,65
15413,0x3C35,09,00
15414,0x3C36,0A,44
15415,0x3C37,03,44
15416,0x3C38,04,00
15417,0x3C39,05,0E
15418,0x3C3A,06,52
15419,0x3C3B,00,6F
15420,0x3C3C,01,62
15421,0x3C3D,09,62
15422,0x3C3E,0A,20
15423,0x3C3F,03,53
15424,0x3C40,04,74
15425,0x3C41,05,61
15426,0x3C42,06,75
15427,0x3C43,00,62
15428,0x3C44,01,65
15429,0x3C45,09,72
15430,0x3C46,0A,30
15431,0x3C47,03,63
15432,0x3C48,04,35
15433,0x3C49,05,64
15434,0x3C4A,06,00
15436,0x3C4C,01,22
15437,0x3C4D,09,22
15438,0x3C4E,0A,00
15439,0x3C4F,03,10
15440,0x3C50,04,50
15441,0x3C51,05,61
15442,0x3C52,06,74
15443,0x3C53,00,20
15632,0x3D10,00,65
15633,0x3D11,10,69
15634,0x3D12,43,20
15635,0x3D13,68,47
15636,0x3D14,72,75
15637,0x3D15,69,73
15638,0x3D16,73,61
15639,0x3D17,20,72
15640,0x3D18,54,6F
15641,0x3D19,65,76
15642,0x3D1A,72,05
15643,0x3D1B,72,63
15644,0x3D1C,65,33
15645,0x3D1D,72,33
15646,0x3D1E,69,30
15647,0x3D1F,00,33
15648,0x3D20,31,40
15649,0x3D21,25,32
15650,0x3D22,44,00
15651,0x3D23,54,0C
15652,0x3D24,00,55
15653,0x3D25,00,77
15654,0x3D26,33,65
15655,0x3D27,33,20
15656,0x3D28,00,4B
15657,0x3D29,12,72
15658,0x3D2A,46,75
15659,0x3D2B,72,70
15660,0x3D2C,61,70
15661,0x3D2D,6E,00
15662,0x3D2E,6B,04
15663,0x3D2F,20,E2
15664,0x3D30,50,23
15665,0x3D31,69,43
15666,0x3D32,65,33
15667,0x3D33,74,22
15668,0x3D34,72,41
15669,0x3D35,6E,32
15670,0x3D36,67,00
15671,0x3D37,65,02
15672,0x3D38,6C,00
15673,0x3D39,6F,0A
15674,0x3D3A,40,52
15675,0x3D3B,64,6F
15676,0x3D3C,31,63
15677,0x3D3D,24,6B
15678,0x3D3E,00,66
15679,0x3D3F,00,6F
15680,0x3D40,22,72
15681,0x3D41,22,64
15683,0x3D43,10,06
15685,0x3D45,75,43
15686,0x3D46,73,4B
15687,0x3D47,73,00
15688,0x3D48,20,00
15689,0x3D49,43,0A
15690,0x3D4A,6F,49
15691,0x3D4B,75,63
15692,0x3D4C,72,65
15693,0x3D4D,74,48
15694,0x3D4E,6E,6F
15695,0x3D4F,61,67
15696,0x3D50,6C,73
15697,0x3D51,6C,00
15698,0x3D52,26,00
15699,0x3D53,65,0C
15700,0x3D54,64,42
15701,0x3D55,24,4D
15702,0x3D56,21,4F
15703,0x3D57,33,20
15704,0x3D58,34,43
15705,0x3D59,32,65
15706,0x3D5A,00,6E
15707,0x3D5B,0C,74
15708,0x3D5C,43,65
15709,0x3D5D,61,72
15710,0x3D5E,6D,01
15711,0x3D5F,20,FA
15712,0x3D60,4E,00
15713,0x3D61,65,0C
15714,0x3D62,65,03
15715,0x3D63,6C,0C
15716,0x3D64,79,00
15717,0x3D65,00,52
15718,0x3D66,08,00
15719,0x3D67,A4,4C
15720,0x3D68,45,00
15721,0x3D69,44,50
15722,0x3D6A,49,0E
15723,0x3D6B,45,E8
15724,0x3D6C,53,02
15725,0x3D6D,44,22
15727,0x3D6F,0C,00
15728,0x3D70,4A,00
15729,0x3D71,6F,00
15730,0x3D72,65,02
15731,0x3D73,20,00
15732,0x3D74,4D,02
15733,0x3D75,75,02
15734,0x3D76,72,08
15735,0x3D77,70,8C
15736,0x3D78,68,06
15737,0x3D79,79,6A
15738,0x3D7A,17,02
15739,0x3D7B,74,22
15740,0x3D7C,44,00
15741,0x3D7D,34,00
15742,0x3D7E,32,08
15743,0x3D7F,33,82
15744,0x3D80,42,0A
15745,0x3D81,43,AA
15746,0x3D82,00,0C
15747,0x3D83,12,CC
15748,0x3D84,43,08
15749,0x3D85,68,88
15750,0x3D86,72,04
15751,0x3D87,69,8C
15752,0x3D88,73,0A
15753,0x3D89,74,84
15754,0x3D8A,61,0E
15755,0x3D8B,6E,E8
15756,0x3D8C,20,02
15757,0x3D8D,52,22
15758,0x3D8E,75,00
15759,0x3D8F,75,00
15760,0x3D90,74,00
15761,0x3D91,74,00
15762,0x3D92,75,02
15764,0x3D94,22,02
15765,0x3D95,84,02
15766,0x3D96,43,08
15767,0x3D97,43,8C
15768,0x3D98,44,06
15769,0x3D99,42,6A
15770,0x3D9A,42,08
15771,0x3D9B,43,88
15772,0x3D9C,00,0C
15773,0x3D9D,0E,CC
15774,0x3D9E,52,08
15775,0x3D9F,69,82
15776,0x3DA0,63,06
15777,0x3DA1,6B,60
15778,0x3DA2,20,08
15779,0x3DA3,54,82
15780,0x3DA4,6F,04
15781,0x3DA5,63,40
15782,0x3DA6,63,04
15783,0x3DA7,68,8C
15784,0x3DA8,65,0A
15785,0x3DA9,74,84
15786,0x3DAA,23,43
15787,0x3DAB,92,00
15788,0x3DAC,25,10
15789,0x3DAD,44,64
15790,0x3DAE,37,11
15791,0x3DAF,35,00
15792,0x3DB0,41,01
15793,0x3DB1,34,09
15794,0x3DB2,00,0A
15795,0x3DB3,12,03
15796,0x3DB4,42,04
15797,0x3DB5,65,05
15798,0x3DB6,72,06
15799,0x3DB7,6E,00
15800,0x3DB8,69,01
15801,0x3DB9,65,09
15802,0x3DBA,20,0A
15803,0x3DBB,4E,03
15804,0x3DBC,69,04
15805,0x3DBD,63,05
15806,0x3DBE,68,06
15807,0x3DBF,6F,00
15808,0x3DC0,6C,01
15809,0x3DC1,6C,09
15810,0x3DC2,73,0A
15811,0x3DC3,00,03
15812,0x3DC4,19,04
15813,0x3DC5,63,05
15814,0x3DC6,34,06
15815,0x3DC7,33,00
15816,0x3DC8,13,01
15817,0x3DC9,42,09
15818,0x3DCA,30,0A
15819,0x3DCB,43,03
15820,0x3DCC,00,04
15821,0x3DCD,0E,05
15822,0x3DCE,44,06
15823,0x3DCF,6F,00
15824,0x3DD0,6E,01
15825,0x3DD1,20,09
15826,0x3DD2,53,0A
15827,0x3DD3,77,03
15828,0x3DD4,65,04
15829,0x3DD5,65,05
15830,0x3DD6,6E,06
15831,0x3DD7,65,00
15832,0x3DD8,79,01
15833,0x3DD9,00,09
15834,0x3DDA,32,0A
15835,0x3DDB,44,03
15836,0x3DDC,43,04
15837,0x3DDD,44,05
15838,0x3DDE,44,06
15839,0x3DDF,41,00
15840,0x3DE0,41,01
15841,0x3DE1,42,09
15842,0x3DE2,00,0A
15843,0x3DE3,16,03
15844,0x3DE4,56,04
15845,0x3DE5,6C,05
15846,0x3DE6,61,06
15847,0x3DE7,64,00
15848,0x3DE8,69,01
15849,0x3DE9,6D,09
15850,0x3DEA,69,0A
15851,0x3DEB,72,03
15852,0x3DEC,20,04
15853,0x3DED,4B,05
15854,0x3DEE,6F,06
15855,0x3DEF,6E,00
16274,0x3F92,00,6C
16275,0x3F93,12,65
16276,0x3F94,54,20
16277,0x3F95,6F,74
16278,0x3F96,6D,45
16279,0x3F97,6D,34
16280,0x3F98,79,24
16281,0x3F99,20,56
16282,0x3F9A,53,52
16283,0x3F9B,6F,43
16284,0x3F9C,64,00
16285,0x3F9D,65,10
16286,0x3F9E,72,43
16287,0x3F9F,73,6C
16288,0x3FA0,74,69
16289,0x3FA1,72,66
16290,0x3FA2,6F,66
16291,0x3FA3,6D,20
16292,0x3FA4,30,52
16293,0x3FA5,35,6F
16294,0x3FA6,45,6E
16295,0x3FA7,54,6E
16296,0x3FA8,00,69
16297,0x3FA9,00,6E
16298,0x3FAA,45,67
16299,0x3FAB,45,00
16300,0x3FAC,00,07
16301,0x3FAD,0C,55
16302,0x3FAE,4A,54
16303,0x3FAF,65,32
16304,0x3FB0,66,20
16305,0x3FB1,66,43
16306,0x3FB2,20,51
16307,0x3FB3,52,41
16308,0x3FB4,65,00
16309,0x3FB5,65,10
16310,0x3FB6,73,42
16311,0x3FB7,65,72
16312,0x3FB8,35,69
16313,0x3FB9,43,61
16314,0x3FBA,34,6E
16315,0x3FBB,42,20
16316,0x3FBC,00,42
16317,0x3FBD,00,65
16318,0x3FBE,33,6C
16319,0x3FBF,44,6C
16320,0x3FC0,00,6F
16321,0x3FC1,10,77
16322,0x3FC2,57,73
16323,0x3FC3,61,00
16324,0x3FC4,79,23
16325,0x3FC5,6E,84
16326,0x3FC6,65,44
16327,0x3FC7,20,34
16328,0x3FC8,47,23
16329,0x3FC9,72,44
16330,0x3FCA,65,42
16331,0x3FCB,74,42
16332,0x3FCC,7A,00
16333,0x3FCD,6B,10
16334,0x3FCE,79,52
16335,0x3FCF,00,6F
16336,0x3FD0,99,64
16337,0x3FD1,46,20
16338,0x3FD2,45,42
16339,0x3FD3,42,72
16340,0x3FD4,22,69
16341,0x3FD5,62,6E
16342,0x3FD6,60,64
16343,0x3FD7,60,41
16344,0x3FD8,00,6D
16345,0x3FD9,0E,6F
16346,0x3FDA,53,75
16347,0x3FDB,74,72
16348,0x3FDC,65,17
16349,0x3FDD,76,94
16350,0x3FDE,65,34
16351,0x3FDF,20,44
16352,0x3FE0,4C,34
16353,0x3FE1,61,44
16354,0x3FE2,72,42
16355,0x3FE3,6D,43
16356,0x3FE4,65,00
16357,0x3FE5,72,0E
16358,0x3FE6,28,42
16359,0x3FE7,74,72
16360,0x3FE8,44,65
16361,0x3FE9,64,6E
16362,0x3FEA,44,74
16363,0x3FEB,44,20
16364,0x3FEC,63,53
16365,0x3FED,42,75
16366,0x3FEE,00,74
16367,0x3FEF,12,74
16368,0x3FF0,53,65
16369,0x3FF1,74,72
16370,0x3FF2,65,12
16371,0x3FF3,70,63
16372,0x3FF4,68,24
16373,0x3FF5,61,53
16374,0x3FF6,6E,43
16375,0x3FF7,65,43
16376,0x3FF8,20,51
16377,0x3FF9,52,33
16378,0x3FFA,69,00
16379,0x3FFB,63,0C
16380,0x3FFC,68,52
16381,0x3FFD,65,6F
16382,0x3FFE,72,6E
16383,0x3FFF,00,20
16384,0x4000,44,53
16385,0x4001,94,75
16386,0x4002,44,74
16387,0x4003,35,74
16388,0x4004,21,65
16389,0x4005,43,72
16390,0x4006,44,22
16391,0x4007,32,63
16392,0x4008,00,33
16393,0x4009,0E,42
16394,0x400A,4D,45
16395,0x400B,69,33
16396,0x400C,6B,43
16397,0x400D,65,43
16398,0x400E,20,00
16399,0x400F,52,10
16400,0x4010,69,55
16401,0x4011,64,6C
16402,0x4012,6C,66
16403,0x4013,65,20
16404,0x4014,79,53
16405,0x4015,00,61
16406,0x4016,17,6D
16407,0x4017,94,75
16408,0x4018,44,65
16409,0x4019,33,6C
16410,0x401A,20,73
16411,0x401B,44,73
16412,0x401C,40,6F
16413,0x401D,42,6E
16414,0x401E,00,05
16415,0x401F,0C,84
16416,0x4020,44,43
16417,0x4021,65,53
16418,0x4022,72,56
16419,0x4023,65,30
16420,0x4024,6B,41
16421,0x4025,20,35
16422,0x4026,4B,00
16423,0x4027,69,0E
16424,0x4028,6E,44
16425,0x4029,67,6F
16426,0x402A,27,75
16427,0x402B,93,67
16428,0x402C,24,20
16429,0x402D,34,4C
16430,0x402E,14,69
16431,0x402F,45,64
16432,0x4030,42,73
16433,0x4031,22,74
16434,0x4032,00,65
16435,0x4033,12,72
16436,0x4034,42,03
16437,0x4035,65,93
16438,0x4036,72,32
16439,0x4037,6E,33
16440,0x4038,69,43
16441,0x4039,65,41
16442,0x403A,20,41
16443,0x403B,4E,42
16444,0x403C,69,00
16445,0x403D,63,0C
16446,0x403E,68,42
16448,0x4040,6C,62
16449,0x4041,6C,20
16450,0x4042,73,52
16451,0x4043,00,6F
16452,0x4044,19,75
16453,0x4045,63,73
16454,0x4046,34,65
16455,0x4047,33,00
16456,0x4048,13,08
16457,0x4049,42,A3
16458,0x404A,30,32
16459,0x404B,43,42
16460,0x404C,00,43
16461,0x404D,12,20
16462,0x404E,41,44
16463,0x404F,6C,23
16464,0x4050,65,00
16465,0x4051,78,10
16466,0x4052,65,50
16467,0x4053,69,61
16468,0x4054,20,75
16469,0x4055,4B,6C
16470,0x4056,61,20
16471,0x4057,73,43
16473,0x4059,74,76
16474,0x405A,6F,61
16475,0x405B,6E,6C
16476,0x405C,6F,6C
16477,0x405D,76,69
16478,0x405E,07,6E
16479,0x405F,B4,69
16480,0x4060,32,14
16481,0x4061,34,A3
16482,0x4062,44,32
16483,0x4063,41,33
16484,0x4064,31,34
16485,0x4065,42,31
16486,0x4066,00,35
16487,0x4067,0C,32
16488,0x4068,4B,00
16489,0x4069,65,02
16490,0x406A,76,00
16491,0x406B,69,0A
16492,0x406C,6E,53
16493,0x406D,20,61
16494,0x406E,4C,6E
16495,0x406F,6F,20
16496,0x4070,77,4A
16497,0x4071,65,6F
16498,0x4072,04,73
16499,0x4073,84,65
16500,0x4074,32,00
16501,0x4075,43,06
16502,0x4076,42,53
16503,0x4077,41,4A
16504,0x4078,31,53
16505,0x4079,33,00
16507,0x407B,0E,08
16508,0x407C,4D,53
16509,0x407D,69,68
16510,0x407E,63,61
16511,0x407F,68,72
16512,0x4080,65,6B
16513,0x4081,6C,73
16514,0x4082,20,00
16515,0x4083,50,0C
16516,0x4084,65,53
16517,0x4085,74,41
16518,0x4086,69,50
16519,0x4087,74,20
16520,0x4088,06,43
16521,0x4089,93,65
16522,0x408A,32,6E
16523,0x408B,34,74
16524,0x408C,39,65
16525,0x408D,41,72
16526,0x408E,33,01
16527,0x408F,33,F8
16529,0x4091,10,0C
16530,0x4092,47,03
16531,0x4093,72,0C
16532,0x4094,61,00
16533,0x4095,6E,52
16534,0x4096,74,00
16535,0x4097,20,4C
16536,0x4098,4C,00
16537,0x4099,65,50
16538,0x409A,64,0E
16539,0x409B,79,EA
16540,0x409C,61,06
16541,0x409D,72,66
16542,0x409E,64,00
16544,0x40A0,03,00
16545,0x40A1,94,00
16546,0x40A2,32,02
16547,0x40A3,31,00
16548,0x40A4,3C,04
16549,0x40A5,10,20
16550,0x40A6,23,08
16551,0x40A7,23,8C
16552,0x40A8,00,06
16553,0x40A9,02,6A
16554,0x40AA,00,0A
16555,0x40AB,08,86
16556,0x40AC,56,0C
16557,0x40AD,65,C8
16558,0x40AE,67,04
16559,0x40AF,61,20
16560,0x40B0,73,0C
16561,0x40B1,00,CC
16562,0x40B2,00,0E
16563,0x40B3,06,EE
16564,0x40B4,45,0A
16565,0x40B5,58,AA
16566,0x40B6,41,04
16567,0x40B7,00,8C
16568,0x40B8,00,0A
16569,0x40B9,10,A6
16570,0x40BA,47,0E
16571,0x40BB,6F,EA
16572,0x40BC,6C,06
16573,0x40BD,64,66
16574,0x40BE,65,00
16575,0x40BF,6E,00
16576,0x40C0,20,00
16577,0x40C1,4B,00
16578,0x40C2,6E,02
16579,0x40C3,69,00
16580,0x40C4,67,04
16581,0x40C5,68,20
16582,0x40C6,74,08
16583,0x40C7,73,8C
16584,0x40C8,00,06
16585,0x40C9,10,6A
16586,0x40CA,54,0A
16587,0x40CB,2D,86
16588,0x40CC,4D,0C
16589,0x40CD,6F,C8
16590,0x40CE,62,04
16591,0x40CF,69,20
16592,0x40D0,6C,02
16593,0x40D1,65,00
16594,0x40D2,20,04
16595,0x40D3,41,20
16596,0x40D4,72,02
16597,0x40D5,65,00
16598,0x40D6,6E,04
16599,0x40D7,61,8C
16600,0x40D8,01,0A
16601,0x40D9,3E,A6
16602,0x40DA,00,43
16603,0x40DB,0C,00
16604,0x40DC,02,10
16605,0x40DD,54,64
16606,0x40DE,00,11
16607,0x40DF,52,00
16608,0x40E0,00,01
16609,0x40E1,4C,09
16610,0x40E2,00,0A
16611,0x40E3,50,03
16612,0x40E4,0E,04
16613,0x40E5,E8,05
16614,0x40E6,02,06
16615,0x40E7,22,00
16616,0x40E8,00,01
16617,0x40E9,00,09
16618,0x40EA,00,0A
16619,0x40EB,06,03
16620,0x40EC,00,04
16621,0x40ED,08,05
16622,0x40EE,00,06
16623,0x40EF,0A,00
16624,0x40F0,08,01
16625,0x40F1,8C,09
16626,0x40F2,06,0A
16627,0x40F3,6A,03
16629,0x40F5,0C,05
16630,0x40F6,04,06
16631,0x40F7,2C,00
16632,0x40F8,0A,01
16633,0x40F9,20,09
16634,0x40FA,0C,0A
16635,0x40FB,CC,03
16636,0x40FC,0E,04
16637,0x40FD,EE,05
16638,0x40FE,0A,06
16639,0x40FF,AA,00
16640,0x4100,04,01
16641,0x4101,8C,09
16643,0x4103,84,03
16644,0x4104,0E,04
16645,0x4105,E8,05
16646,0x4106,02,06
16647,0x4107,22,00
16648,0x4108,00,01
16649,0x4109,00,09
16650,0x410A,00,0A
16651,0x410B,06,03
16652,0x410C,00,04
16653,0x410D,08,05
16654,0x410E,00,06
16655,0x410F,0A,00
16656,0x4110,08,01
16657,0x4111,8C,09
16658,0x4112,06,0A
16659,0x4113,6A,03
16661,0x4115,0C,05
16662,0x4116,04,06
16663,0x4117,2C,00
16664,0x4118,0C,01
16665,0x4119,CC,09
16666,0x411A,08,0A
16667,0x411B,20,03
16668,0x411C,08,04
16669,0x411D,42,05
16670,0x411E,04,06
17032,0x4288,54,42
17033,0x4289,68,6F
17034,0x428A,6F,62
17035,0x428B,6D,20
17036,0x428C,61,45
17038,0x428E,20,73
17039,0x428F,53,65
17040,0x4290,74,6E
17041,0x4291,65,73
17042,0x4292,65,61
17043,0x4293,6E,00
17044,0x4294,25,35
17045,0x4295,84,35
17046,0x4296,34,45
17047,0x4297,33,65
17048,0x4298,34,00
17049,0x4299,44,00
17050,0x429A,40,44
17051,0x429B,53,44
17053,0x429D,12,10
17054,0x429E,44,4D
17056,0x42A0,76,72
17057,0x42A1,65,69
17058,0x42A2,20,6F
17059,0x42A3,41,20
17060,0x42A4,6E,47
17061,0x42A5,64,6F
17062,0x42A6,72,73
17063,0x42A7,65,73
17064,0x42A8,79,65
17065,0x42A9,63,6C
17066,0x42AA,68,69
17067,0x42AB,75,6E
17068,0x42AC,6B,31
17069,0x42AD,00,33
17070,0x42AE,14,34
17071,0x42AF,B3,53
17072,0x42B0,34,00
17073,0x42B1,44,00
17074,0x42B2,43,11
17075,0x42B3,34,22
17076,0x42B4,54,00
17077,0x42B5,32,10
17078,0x42B6,00,53
17079,0x42B7,10,74
17080,0x42B8,4D,65
17081,0x42B9,69,76
17082,0x42BA,63,65
17083,0x42BB,68,20
17084,0x42BC,61,59
17085,0x42BD,6C,7A
17086,0x42BE,20,65
17087,0x42BF,50,72
17088,0x42C0,69,6D
17089,0x42C1,76,61
17090,0x42C2,6F,6E
17091,0x42C3,6E,00
17092,0x42C4,6B,19
17093,0x42C5,61,66
17094,0x42C6,20,56
17095,0x42C7,83,44
17096,0x42C8,34,11
17097,0x42C9,33,55
17098,0x42CA,34,61
17099,0x42CB,43,52
17100,0x42CC,40,00
17101,0x42CD,43,0C
17102,0x42CE,00,4A
17103,0x42CF,0E,6F
17104,0x42D0,44,65
17105,0x42D1,6F,20
17106,0x42D2,6E,4A
17107,0x42D3,20,75
17108,0x42D4,53,6E
17109,0x42D5,77,65
17110,0x42D6,65,61
17111,0x42D7,65,75
17112,0x42D8,6E,49
17113,0x42D9,65,54
17114,0x42DA,79,44
17115,0x42DB,00,34
17116,0x42DC,32,20
17117,0x42DD,44,43
17118,0x42DE,43,40
17119,0x42DF,44,41
17120,0x42E0,44,00
17121,0x42E1,41,12
17122,0x42E2,41,56
17123,0x42E3,42,61
17124,0x42E4,00,6C
17125,0x42E5,0E,65
17126,0x42E6,53,72
17127,0x42E7,65,69
17128,0x42E8,72,20
17129,0x42E9,67,5A
17131,0x42EB,69,6C
17132,0x42EC,20,65
17133,0x42ED,5A,70
17135,0x42EF,62,6B
17136,0x42F0,6F,69
17137,0x42F1,76,6E
17138,0x42F2,21,25
17139,0x42F3,73,64
17140,0x42F4,33,44
17141,0x42F5,43,33
17142,0x42F6,33,10
17143,0x42F7,32,43
17145,0x42F9,30,43
17148,0x42FC,54,47
17149,0x42FD,6F,61
17150,0x42FE,6D,72
17151,0x42FF,20,79
17152,0x4300,50,20
17153,0x4301,65,4C
17154,0x4302,64,65
17156,0x4304,72,6D
17157,0x4305,73,61
17158,0x4306,6F,6E
17159,0x4307,6E,00
17160,0x4308,41,26
17161,0x4309,41,54
17162,0x430A,23,43
17163,0x430B,22,23
17164,0x430C,25,29
17165,0x430D,22,33
17166,0x430E,24,32
17169,0x4311,12,0E
17170,0x4312,47,42
17171,0x4313,6C,72
17172,0x4314,65,69
17173,0x4315,6E,61
17174,0x4316,20,6E
17175,0x4317,46,20
17176,0x4318,65,4E
17177,0x4319,61,6F
17178,0x431A,74,6F
17179,0x431B,68,6E
17180,0x431C,72,61
17181,0x431D,73,6E
17182,0x431E,74,10
17183,0x431F,6F,73
17184,0x4320,6E,33
17185,0x4321,00,34
17186,0x4322,06,33
17187,0x4323,B3,43
17188,0x4324,32,45
17189,0x4325,22,33
17190,0x4326,48,00
17191,0x4327,23,0C
17192,0x4328,23,44
17193,0x4329,24,61
17194,0x432A,00,76
17195,0x432B,02,65
17196,0x432C,00,20
17197,0x432D,0A,56
17198,0x432E,57,6F
17199,0x432F,69,6C
17200,0x4330,6E,65
17201,0x4331,6E,6B
17202,0x4332,69,52
17203,0x4333,70,64
17204,0x4334,65,43
17205,0x4335,67,22
17206,0x4336,00,12
17207,0x4337,06,42
17209,0x4339,58,32
17210,0x433A,42,00
17211,0x433B,00,0E
17212,0x433C,00,44
17213,0x433D,06,61
17214,0x433E,4A,76
17216,0x4340,74,20
17217,0x4341,73,45
17218,0x4342,00,6C
17219,0x4343,14,6C
17220,0x4344,43,65
17221,0x4345,61,74
17222,0x4346,6E,74
17223,0x4347,61,00
17224,0x4348,64,04
17225,0x4349,61,94
17226,0x434A,20,43
17227,0x434B,4C,45
17228,0x434C,69,44
17229,0x434D,66,41
17230,0x434E,65,42
17231,0x434F,20,42
17232,0x4350,43,00
17233,0x4351,65,10
17234,0x4352,6E,54
17235,0x4353,74,65
17236,0x4354,72,70
17237,0x4355,65,70
17238,0x4356,01,6F
17239,0x4357,3A,20
17240,0x4358,00,4E
17241,0x4359,0C,75
17242,0x435A,02,6D
17243,0x435B,56,6D
17244,0x435C,00,69
17245,0x435D,52,6E
17246,0x435E,00,65
17247,0x435F,4C,6E
17248,0x4360,00,27
17249,0x4361,50,74
17250,0x4362,0E,33
17251,0x4363,EA,53
17252,0x4364,0C,31
17253,0x4365,CC,42
17254,0x4366,00,41
17255,0x4367,00,32
17257,0x4369,00,14
17258,0x436A,02,44
17259,0x436B,22,69
17260,0x436C,04,6D
17261,0x436D,44,69
17262,0x436E,08,74
17263,0x436F,8C,72
17264,0x4370,06,69
17265,0x4371,6A,20
17266,0x4372,06,59
17267,0x4373,20,75
17268,0x4374,08,73
17269,0x4375,40,68
17270,0x4376,0C,6B
17271,0x4377,CC,65
17272,0x4378,00,76
17273,0x4379,00,69
17274,0x437A,02,63
17275,0x437B,22,68
17276,0x437C,00,02
17277,0x437D,00,74
17278,0x437E,04,33
17279,0x437F,8C,43
17280,0x4380,0A,24
17281,0x4381,84,31
17282,0x4382,0E,43
17283,0x4383,EA,33
17284,0x4384,0C,00
17285,0x4385,CC,0C
17286,0x4386,00,4D
17287,0x4387,00,61
17288,0x4388,00,72
17289,0x4389,00,6B
17290,0x438A,02,20
17291,0x438B,00,48
17292,0x438C,04,6F
17293,0x438D,00,77
17294,0x438E,08,65
17295,0x438F,8C,00
17296,0x4390,06,05
17297,0x4391,6A,63
17298,0x4392,06,33
17299,0x4393,20,43
17300,0x4394,08,32
17301,0x4395,40,31
17302,0x4396,00,30
17303,0x4397,00,31
17304,0x4398,0C,00
17305,0x4399,CC,02
17306,0x439A,0E,00
17307,0x439B,EE,0A
17308,0x439C,0A,53
17309,0x439D,AA,65
17310,0x439E,04,61
17311,0x439F,8C,74
17312,0x43A0,0A,74
17313,0x43A1,84,6C
17314,0x43A2,43,65
17317,0x43A5,64,06
17318,0x43A6,11,53
17319,0x43A7,00,45
17320,0x43A8,01,41
17321,0x43A9,09,00
17322,0x43AA,0A,00
17323,0x43AB,03,08
17324,0x43AC,04,4B
17325,0x43AD,05,72
17326,0x43AE,06,61
17327,0x43AF,00,6B
17328,0x43B0,01,65
17329,0x43B1,09,6E
17330,0x43B2,0A,00
17331,0x43B3,03,16
17332,0x43B4,04,43
17333,0x43B5,05,6C
17334,0x43B6,06,69
17335,0x43B7,00,6D
17336,0x43B8,01,61
17337,0x43B9,09,74
17338,0x43BA,0A,65
17339,0x43BB,03,20
17340,0x43BC,04,50
17341,0x43BD,05,6C
17342,0x43BE,06,65
17343,0x43BF,00,64
17344,0x43C0,01,67
17345,0x43C1,09,65
17346,0x43C2,0A,20
17347,0x43C3,03,41
17348,0x43C4,04,72
17349,0x43C5,05,65
17350,0x43C6,06,6E
17351,0x43C7,00,61
17353,0x43C9,09,F2
17354,0x43CA,0A,00
17355,0x43CB,03,0C
17356,0x43CC,04,03
17357,0x43CD,05,0C
17358,0x43CE,06,00
17359,0x43CF,00,52
17360,0x43D0,01,00
17361,0x43D1,09,4C
17362,0x43D2,0A,00
17363,0x43D3,03,50
17364,0x43D4,04,0E
17365,0x43D5,05,E8
17366,0x43D6,06,02
17367,0x43D7,00,22
17368,0x43D8,01,00
17369,0x43D9,09,00
17370,0x43DA,0A,06
17371,0x43DB,03,00
17372,0x43DC,04,06
17373,0x43DD,05,22
17374,0x43DE,06,08
17375,0x43DF,00,44
17376,0x43E0,01,08
17377,0x43E1,09,8C
17378,0x43E2,0A,06
17379,0x43E3,03,6A
17380,0x43E4,04,02
17381,0x43E5,05,00
17850,0x45BA,45,00
17851,0x45BB,58,10
17853,0x45BD,00,75
17854,0x45BE,00,72
17855,0x45BF,08,74
17856,0x45C0,44,69
17857,0x45C1,65,73
17858,0x45C2,76,20
17859,0x45C3,69,4A
17860,0x45C4,6C,6F
17862,0x45C6,00,65
17863,0x45C7,0A,70
17864,0x45C8,43,68
17865,0x45C9,20,00
17866,0x45CA,43,31
17868,0x45CC,6E,46
17869,0x45CD,74,65
17870,0x45CE,65,00
17871,0x45CF,72,00
17872,0x45D0,01,33
17873,0x45D1,4A,44
17875,0x45D3,0C,0E
17876,0x45D4,02,4B
17877,0x45D5,5A,65
17878,0x45D6,00,6E
17879,0x45D7,52,20
17880,0x45D8,00,57
17881,0x45D9,4C,72
17882,0x45DA,00,65
17883,0x45DB,50,67
17884,0x45DC,0E,67
17885,0x45DD,EA,65
17886,0x45DE,0C,74
17887,0x45DF,CC,00
17888,0x45E0,00,30
17889,0x45E1,00,83
17890,0x45E2,02,34
17891,0x45E3,00,53
17892,0x45E4,04,00
17894,0x45E6,06,32
17895,0x45E7,00,32
17896,0x45E8,08,00
17897,0x45E9,8C,0E
17898,0x45EA,06,4D
17899,0x45EB,6A,61
17900,0x45EC,0A,72
17901,0x45ED,AA,6B
17902,0x45EE,0E,20
17903,0x45EF,EE,52
17904,0x45F0,06,65
17905,0x45F1,20,63
17906,0x45F2,04,63
17907,0x45F3,00,68
17908,0x45F4,06,69
17909,0x45F5,20,00
17910,0x45F6,02,08
17911,0x45F7,00,65
17912,0x45F8,04,45
17913,0x45F9,8C,34
17914,0x45FA,0A,34
17915,0x45FB,84,45
17916,0x45FC,0E,41
17917,0x45FD,EA,43
17918,0x45FE,0C,00
17919,0x45FF,CC,10
17920,0x4600,00,4E
17921,0x4601,00,65
17922,0x4602,02,6C
17923,0x4603,00,73
17924,0x4604,04,6F
17925,0x4605,00,6E
17926,0x4606,06,20
17927,0x4607,00,45
17928,0x4608,08,6D
17929,0x4609,8C,65
17930,0x460A,06,72
17931,0x460B,6A,73
17932,0x460C,06,6F
17933,0x460D,20,6E
17934,0x460E,08,07
17935,0x460F,40,44
17936,0x4610,0E,44
17937,0x4611,EE,33
17938,0x4612,0C,23
17939,0x4613,CC,43
17940,0x4614,0E,41
17941,0x4615,EE,32
17942,0x4616,0A,00
17943,0x4617,AA,14
17944,0x4618,04,44
17945,0x4619,8C,69
17946,0x461A,0A,6D
17947,0x461B,84,69
17948,0x461C,43,74
17949,0x461D,00,72
17950,0x461E,00,69
17951,0x461F,64,20
17952,0x4620,11,4B
17953,0x4621,00,68
17954,0x4622,01,72
17955,0x4623,09,69
17956,0x4624,0A,73
17957,0x4625,03,74
17958,0x4626,04,69
17959,0x4627,05,63
17960,0x4628,06,68
17962,0x462A,01,09
17963,0x462B,09,73
17964,0x462C,0A,34
17965,0x462D,03,34
17966,0x462E,04,31
17967,0x462F,05,46
17968,0x4630,06,41
17969,0x4631,00,42
17970,0x4632,01,00
17971,0x4633,09,10
17972,0x4634,0A,4B
17973,0x4635,03,65
17974,0x4636,04,76
17975,0x4637,05,69
17976,0x4638,06,6E
17977,0x4639,00,20
17978,0x463A,01,53
17979,0x463B,09,74
17980,0x463C,0A,65
17981,0x463D,03,76
17982,0x463E,04,65
17983,0x463F,05,6E
17984,0x4640,06,73
17986,0x4642,01,25
17987,0x4643,09,B3
17988,0x4644,0A,45
17989,0x4645,03,33
17990,0x4646,04,36
17991,0x4647,05,44
17992,0x4648,06,53
17993,0x4649,00,44
17994,0x464A,01,00
17995,0x464B,09,10
17996,0x464C,0A,47
17997,0x464D,03,75
17998,0x464E,04,79
17999,0x464F,05,20
18000,0x4650,06,43
18001,0x4651,00,61
18002,0x4652,01,72
18003,0x4653,09,62
18004,0x4654,0A,6F
18005,0x4655,03,6E
18006,0x4656,04,6E
18007,0x4657,05,65
18008,0x4658,06,61
18009,0x4659,00,75
18010,0x465A,01,21
18011,0x465B,09,64
18012,0x465C,0A,32
18013,0x465D,03,42
18014,0x465E,04,41
18015,0x465F,05,41
18016,0x4660,06,33
18017,0x4661,00,41
18202,0x471A,00,03
18203,0x471B,0E,33
18204,0x471C,41,08
18205,0x471D,72,8C
18206,0x471E,74,06
18207,0x471F,75,6A
18208,0x4720,72,04
18209,0x4721,73,68
18210,0x4722,20,06
18211,0x4723,49,8A
18212,0x4724,72,04
18213,0x4725,62,44
18214,0x4726,65,0C
18215,0x4727,00,CC
18216,0x4728,01,0E
18217,0x4729,53,EE
18218,0x472A,44,0C
18219,0x472B,43,CC
18220,0x472C,00,04
18221,0x472D,00,8C
18222,0x472E,44,0A
18223,0x472F,33,A6
18224,0x4730,00,0E
18225,0x4731,0E,EA
18226,0x4732,44,06
18227,0x4733,61,66
18228,0x4734,72,00
18229,0x4735,65,00
18230,0x4736,6E,04
18231,0x4737,20,44
18232,0x4738,50,01
18233,0x4739,75,11
18234,0x473A,70,03
18235,0x473B,70,33
18236,0x473C,61,08
18237,0x473D,00,8C
18238,0x473E,93,06
18239,0x473F,94,6A
18240,0x4740,45,04
18241,0x4741,52,68
18242,0x4742,01,06
18243,0x4743,00,8A
18244,0x4744,33,00
18245,0x4745,44,00
18246,0x4746,00,02
18247,0x4747,0E,22
18248,0x4748,50,04
18249,0x4749,61,44
18250,0x474A,74,02
18251,0x474B,20,22
18252,0x474C,56,04
18253,0x474D,65,8C
18254,0x474E,72,0A
18255,0x474F,62,A6
18256,0x4750,65,43
18257,0x4751,65,00
18258,0x4752,6B,10
18259,0x4753,00,64
18260,0x4754,16,11
18261,0x4755,73,00
18262,0x4756,44,01
18263,0x4757,34,09
18264,0x4758,37,0A
18265,0x4759,44,03
18266,0x475A,42,04
18267,0x475B,44,05
18268,0x475C,00,06
18269,0x475D,10,00
18270,0x475E,45,01
18271,0x475F,76,09
18272,0x4760,67,0A
18273,0x4761,65,03
18274,0x4762,6E,04
18275,0x4763,79,05
18276,0x4764,20,06
18277,0x4765,44,00
18278,0x4766,61,01
18279,0x4767,76,09
18280,0x4768,79,0A
18281,0x4769,64,03
18282,0x476A,6F,04
18283,0x476B,76,05
18284,0x476C,11,06
18285,0x476D,64,00
18286,0x476E,43,01
18287,0x476F,34,09
18288,0x4770,13,0A
18289,0x4771,34,03
18290,0x4772,35,04
18291,0x4773,32,05
18292,0x4774,00,06
18293,0x4775,12,00
18294,0x4776,56,01
18295,0x4777,61,09
18296,0x4778,6C,0A
18297,0x4779,65,03
18298,0x477A,72,04
18299,0x477B,69,05
18300,0x477C,20,06
18301,0x477D,5A,00
18302,0x477E,65,01
18303,0x477F,6C,09
18304,0x4780,65,0A
18305,0x4781,70,03
18306,0x4782,75,04
18307,0x4783,6B,05
18308,0x4784,69,06
18309,0x4785,6E,00
18310,0x4786,25,01
18311,0x4787,64,09
18312,0x4788,44,0A
18313,0x4789,33,03
18314,0x478A,10,04
18315,0x478B,43,05
18316,0x478C,31,06
18317,0x478D,43,00
18318,0x478E,00,01
18319,0x478F,12,09
18320,0x4790,4C,0A
18321,0x4791,75,03
18322,0x4792,63,04
18323,0x4793,69,05
18324,0x4794,61,06
18325,0x4795,6E,00
18818,0x4982,00,40
18819,0x4983,0E,42
18820,0x4984,4B,00
18821,0x4985,69,0E
18822,0x4986,72,50
18823,0x4987,6B,61
18824,0x4988,20,74
18825,0x4989,4D,20
18826,0x498A,63,46
18827,0x498B,4C,61
18828,0x498C,65,6C
18829,0x498D,61,6C
18830,0x498E,6E,6F
18831,0x498F,00,6F
18832,0x4990,39,6E
18833,0x4991,64,00
18834,0x4992,45,17
18835,0x4993,53,74
18836,0x4994,00,43
18837,0x4995,00,23
18838,0x4996,54,13
18839,0x4997,54,42
18840,0x4998,00,45
18841,0x4999,12,31
18842,0x499A,46,00
18843,0x499B,72,0E
18844,0x499C,61,50
18845,0x499D,6E,61
18846,0x499E,6B,74
18848,0x49A0,50,45
18849,0x49A1,69,6C
18850,0x49A2,65,79
18851,0x49A3,74,6E
18852,0x49A4,72,75
18853,0x49A5,6E,69
18854,0x49A6,67,6B
18855,0x49A7,65,00
18856,0x49A8,6C,19
18857,0x49A9,6F,63
18858,0x49AA,01,33
18859,0x49AB,23,33
18860,0x49AC,33,23
18861,0x49AD,31,35
18862,0x49AE,00,31
18863,0x49AF,00,22
18864,0x49B0,22,00
18865,0x49B1,23,0E
18866,0x49B2,00,44
18867,0x49B3,10,61
18868,0x49B4,43,76
18869,0x49B5,6C,65
18870,0x49B6,69,20
18871,0x49B7,66,4D
18872,0x49B8,66,61
18873,0x49B9,20,6E
18874,0x49BA,52,73
18877,0x49BD,6E,00
18878,0x49BE,69,24
18879,0x49BF,6E,94
18880,0x49C0,67,43
18881,0x49C1,00,55
18882,0x49C2,22,4A
18883,0x49C3,75,41
18885,0x49C5,45,34
18886,0x49C6,23,00
18887,0x49C7,53,12
18888,0x49C8,55,45
18889,0x49C9,52,72
18890,0x49CA,00,69
18891,0x49CB,10,63
18892,0x49CC,4C,20
18893,0x49CD,75,44
18894,0x49CE,63,65
18895,0x49CF,20,73
18896,0x49D0,52,6A
18897,0x49D1,6F,61
18898,0x49D2,62,72
18899,0x49D3,69,64
18900,0x49D4,74,69
18901,0x49D5,61,6E
18902,0x49D6,69,73
18903,0x49D7,6C,00
18904,0x49D8,6C,37
18905,0x49D9,65,94
18906,0x49DA,08,33
18907,0x49DB,A4,43
18908,0x49DC,45,43
18909,0x49DD,44,42
18910,0x49DE,49,42
18911,0x49DF,45,33
18912,0x49E0,53,00
18913,0x49E1,44,10
18914,0x49E2,00,4D
18915,0x49E3,12,61
18916,0x49E4,47,72
18917,0x49E5,65,74
18918,0x49E6,6F,79
18919,0x49E7,66,20
18920,0x49E8,66,4D
18921,0x49E9,20,63
18923,0x49EB,61,6F
18924,0x49EC,6E,72
18925,0x49ED,64,6C
18927,0x49EF,72,79
18928,0x49F0,73,33
18929,0x49F1,6F,E3
18930,0x49F2,6E,33
18931,0x49F3,00,43
18932,0x49F4,26,39
18933,0x49F5,54,32
18934,0x49F6,43,44
18935,0x49F7,23,36
18936,0x49F8,29,00
18937,0x49F9,33,0E
18938,0x49FA,32,54
18939,0x49FB,32,6F
18940,0x49FC,00,6D
18941,0x49FD,0E,20
18942,0x49FE,52,4B
18943,0x49FF,6F,75
18944,0x4A00,6E,72
18945,0x4A01,20,76
18946,0x4A02,46,65
18948,0x4A04,61,73
18949,0x4A05,6E,00
18950,0x4A06,63,29
18951,0x4A07,69,83
18952,0x4A08,73,34
18953,0x4A09,00,34
18954,0x4A0A,11,26
18955,0x4A0B,74,31
18956,0x4A0C,43,41
18957,0x4A0D,33,32
18958,0x4A0E,24,00
18959,0x4A0F,32,02
18960,0x4A10,34,00
18961,0x4A11,43,08
18962,0x4A12,00,56
18963,0x4A13,0C,65
18964,0x4A14,47,67
18965,0x4A15,72,61
18966,0x4A16,65,73
18967,0x4A17,67,00
18968,0x4A18,20,00
18969,0x4A19,41,06
18970,0x4A1A,64,56
18971,0x4A1B,61,47
18972,0x4A1C,6D,4B
18973,0x4A1D,73,00
18974,0x4A1E,10,00
18975,0x4A1F,83,10
18976,0x4A20,44,47
18977,0x4A21,33,6F
18978,0x4A22,20,6C
18979,0x4A23,44,64
18980,0x4A24,43,65
18981,0x4A25,30,6E
18982,0x4A26,00,20
18983,0x4A27,14,4B
18984,0x4A28,47,6E
18985,0x4A29,72,69
18986,0x4A2A,65,67
18987,0x4A2B,67,68
18988,0x4A2C,6F,74
18989,0x4A2D,72,73
18990,0x4A2E,69,00
18991,0x4A2F,20,10
18992,0x4A30,50,54
18993,0x4A31,61,2D
18994,0x4A32,6E,4D
18995,0x4A33,74,6F
18996,0x4A34,61,62
18997,0x4A35,6C,69
18998,0x4A36,65,6C
18999,0x4A37,79,65
19000,0x4A38,65,20
19001,0x4A39,76,41
19002,0x4A3A,44,72
19003,0x4A3B,64,65
19004,0x4A3C,33,6E
19005,0x4A3D,22,61
19006,0x4A3E,28,01
19007,0x4A3F,41,EE
19008,0x4A40,20,00
19009,0x4A41,24,0C
19010,0x4A42,00,03
19011,0x4A43,12,0C
19012,0x4A44,4E,00
19013,0x4A45,69,52
19014,0x4A46,63,00
19015,0x4A47,6B,4C
19016,0x4A48,6C,00
19017,0x4A49,61,50
19018,0x4A4A,73,0E
19019,0x4A4B,20,E8
19020,0x4A4C,4C,02
19021,0x4A4D,69,22
19022,0x4A4E,64,00
19023,0x4A4F,73,00
19024,0x4A50,74,00
19025,0x4A51,72,06
19026,0x4A52,6F,00
19027,0x4A53,6D,08
19028,0x4A54,20,00
19029,0x4A55,75,0A
19030,0x4A56,44,08
19031,0x4A57,54,8C
19032,0x4A58,46,06
19033,0x4A59,42,6A
19034,0x4A5A,52,04
19035,0x4A5B,43,0C
19036,0x4A5C,00,04
19037,0x4A5D,12,2C
19038,0x4A5E,4A,0A
19039,0x4A5F,2E,20
19040,0x4A60,4A,0C
19041,0x4A61,2E,CC
19042,0x4A62,20,0E
19043,0x4A63,44,EE
19044,0x4A64,61,0A
19045,0x4A65,69,AA
19046,0x4A66,67,04
19047,0x4A67,6E,8C
19048,0x4A68,65,0A
19049,0x4A69,61,84
19050,0x4A6A,75,0E
19051,0x4A6B,6C,E8
19052,0x4A6C,74,02
19053,0x4A6D,00,22
19054,0x4A6E,28,00
19055,0x4A6F,84,00
19056,0x4A70,44,00
19057,0x4A71,44,06
19058,0x4A72,24,00
19059,0x4A73,42,08
19060,0x4A74,41,00
19061,0x4A75,42,0A
19062,0x4A76,00,08
19063,0x4A77,0E,8C
19064,0x4A78,44,06
19065,0x4A79,6F,6A
19066,0x4A7A,75,04
19067,0x4A7B,67,0C
19068,0x4A7C,20,04
19069,0x4A7D,4C,2C
19070,0x4A7E,69,0C
19071,0x4A7F,64,CC
19072,0x4A80,73,08
19073,0x4A81,74,20
19074,0x4A82,65,08
19075,0x4A83,72,42
19076,0x4A84,34,04
19077,0x4A85,83,00
19078,0x4A86,32,04
19079,0x4A87,44,8C
19080,0x4A88,44,0A
19081,0x4A89,31,84
19082,0x4A8A,44,43
19083,0x4A8B,42,00
19084,0x4A8C,00,10
19085,0x4A8D,12,64
19086,0x4A8E,4C,11
19087,0x4A8F,75,00
19088,0x4A90,6B,01
19089,0x4A91,65,09
19090,0x4A92,20,0A
19091,0x4A93,52,03
19092,0x4A94,69,04
19093,0x4A95,63,05
19094,0x4A96,68,06
19095,0x4A97,61,00
19096,0x4A98,72,01
19097,0x4A99,64,09
19098,0x4A9A,73,0A
19099,0x4A9B,6F,03
19100,0x4A9C,6E,04
19101,0x4A9D,00,05
19102,0x4A9E,04,06
19103,0x4A9F,72,00
19104,0x4AA0,32,01
19105,0x4AA1,42,09
19106,0x4AA2,33,0A
19107,0x4AA3,31,03
19108,0x4AA4,31,04
19109,0x4AA5,32,05
19110,0x4AA6,00,06
19111,0x4AA7,02,00
19112,0x4AA8,00,01
19113,0x4AA9,0C,09
19114,0x4AAA,54,0A
19115,0x4AAB,61,03
19116,0x4AAC,6D,04
19117,0x4AAD,70,05
19118,0x4AAE,61,06
19119,0x4AAF,20,00
19120,0x4AB0,42,01
19121,0x4AB1,61,09
19122,0x4AB2,79,0A
19123,0x4AB3,00,03
19124,0x4AB4,00,04
19125,0x4AB5,06,05
19126,0x4AB6,45,06
19127,0x4AB7,58,00
19128,0x4AB8,45,01
19129,0x4AB9,00,09
19130,0x4ABA,00,0A
19131,0x4ABB,0C,03
19132,0x4ABC,4C,04
19133,0x4ABD,69,05
19134,0x4ABE,67,06
19135,0x4ABF,68,00
19136,0x4AC0,74,01
19137,0x4AC1,6E,09
19138,0x4AC2,69,0A
19139,0x4AC3,6E,03
19140,0x4AC4,67,04
19141,0x4AC5,00,05
19142,0x4AC6,00,06
19143,0x4AC7,0A,00
19144,0x4AC8,45,01
19145,0x4AC9,20,09
19146,0x4ACA,43,0A
19147,0x4ACB,65,03
19148,0x4ACC,6E,04
19149,0x4ACD,74,05
19150,0x4ACE,65,06
19151,0x4ACF,72,00
